,subject,image_id,right,picture_t,sent_t,exist_object,age,sex,object_num,object_person_num,sent_len,target Area Proportion
0,9,0,True,1826.0,5203.0,True,23,male,6,2,6,0.07933554077148436
1,9,1,True,4605.0,1322.0,True,23,male,4,2,4,0.16137969481850117
2,9,2,True,1896.0,1628.0,True,23,male,7,6,3,0.05680589225260416
3,9,3,True,1867.0,1005.0,True,23,male,7,5,6,0.05593743021051255
4,9,4,True,2216.0,1134.0,True,23,male,10,5,3,0.09158368141138498
5,9,5,True,1396.0,1271.0,True,23,male,3,2,4,0.05937824465224667
6,9,6,True,2801.0,4024.0,True,23,male,33,9,9,0.0558711852737467
7,9,7,True,2922.0,1232.0,False,23,male,13,12,10,
8,9,8,True,2293.0,1477.0,False,23,male,3,2,3,
9,9,9,True,1952.0,1269.0,False,23,male,6,3,8,
10,9,10,True,8509.0,1413.0,True,23,male,23,12,8,0.047453544319705096
11,9,11,True,1311.0,1075.0,False,23,male,9,3,4,
12,9,12,True,1686.0,1341.0,False,23,male,16,14,3,
13,9,13,True,1335.0,840.0,True,23,male,4,3,3,0.12236929339871193
14,9,14,True,1386.0,1094.0,False,23,male,8,2,2,
15,9,15,True,1280.0,1139.0,True,23,male,5,3,3,0.10150235234215885
16,9,16,True,1286.0,677.0,True,23,male,4,2,4,0.05243384000651042
17,9,17,True,1710.0,548.0,False,23,male,12,11,7,
18,9,18,True,2495.0,752.0,False,23,male,7,4,2,
19,9,19,True,2729.0,857.0,False,23,male,8,4,8,
20,9,20,True,2535.0,1153.0,True,23,male,19,4,13,0.06712355335771276
21,9,21,True,1034.0,1097.0,True,23,male,4,2,4,0.17563542583626757
22,9,22,True,1392.0,823.0,True,23,male,5,2,7,0.11650467050209203
23,10,0,True,880.0,1707.0,True,23,male,6,2,6,0.07933554077148436
24,10,1,True,854.0,848.0,True,23,male,4,2,4,0.16137969481850117
25,10,2,True,1715.0,634.0,True,23,male,7,6,3,0.05680589225260416
26,10,3,True,1240.0,683.0,True,23,male,7,5,6,0.05593743021051255
27,10,4,True,1075.0,788.0,True,23,male,10,5,3,0.09158368141138498
28,10,5,True,565.0,568.0,True,23,male,3,2,4,0.05937824465224667
29,10,6,True,2176.0,576.0,True,23,male,33,9,9,0.0558711852737467
30,10,7,False,7994.0,894.0,False,23,male,13,12,10,
31,10,8,False,2129.0,622.0,False,23,male,3,2,3,
32,10,9,False,2841.0,723.0,False,23,male,6,3,8,
33,10,10,True,1716.0,709.0,True,23,male,23,12,8,0.047453544319705096
34,10,11,False,1813.0,590.0,False,23,male,9,3,4,
35,10,12,False,1674.0,689.0,False,23,male,16,14,3,
36,10,13,True,1888.0,533.0,True,23,male,4,3,3,0.12236929339871193
37,10,14,False,2357.0,1427.0,False,23,male,8,2,2,
38,11,0,True,574.0,930.0,True,23,male,6,2,6,0.07933554077148436
39,11,1,True,795.0,882.0,True,23,male,4,2,4,0.16137969481850117
40,11,2,True,1192.0,961.0,True,23,male,7,6,3,0.05680589225260416
41,11,3,True,991.0,669.0,True,23,male,7,5,6,0.05593743021051255
42,11,4,True,631.0,1068.0,True,23,male,10,5,3,0.09158368141138498
43,11,5,True,1193.0,646.0,True,23,male,3,2,4,0.05937824465224667
44,11,6,True,2583.0,647.0,True,23,male,33,9,9,0.0558711852737467
45,11,7,True,2121.0,740.0,False,23,male,13,12,10,
46,11,8,True,736.0,819.0,False,23,male,3,2,3,
47,11,9,True,1146.0,732.0,False,23,male,6,3,8,
48,11,10,True,979.0,582.0,True,23,male,23,12,8,0.047453544319705096
49,11,11,True,737.0,918.0,False,23,male,9,3,4,
50,11,12,True,977.0,643.0,False,23,male,16,14,3,
51,11,13,False,1326.0,599.0,True,23,male,4,3,3,0.12236929339871193
52,11,14,True,1151.0,614.0,False,23,male,8,2,2,
53,11,15,True,881.0,563.0,True,23,male,5,3,3,0.10150235234215885
54,11,16,True,932.0,670.0,True,23,male,4,2,4,0.05243384000651042
55,11,17,True,863.0,1166.0,False,23,male,12,11,7,
56,11,18,True,1617.0,668.0,False,23,male,7,4,2,
57,11,19,True,1607.0,669.0,False,23,male,8,4,8,
58,11,20,False,1870.0,1050.0,True,23,male,19,4,13,0.06712355335771276
59,11,21,True,564.0,817.0,True,23,male,4,2,4,0.17563542583626757
60,11,22,True,658.0,686.0,True,23,male,5,2,7,0.11650467050209203
61,11,23,True,503.0,1467.0,True,23,male,3,2,4,0.30480195866666654
62,11,24,False,3858.0,6311.0,False,23,male,7,4,21,
63,11,25,True,805.0,1608.0,True,23,male,7,4,9,0.06720385783450704
64,11,26,False,908.0,792.0,True,23,male,11,7,6,0.16774556041422714
65,11,27,True,1504.0,537.0,True,23,male,8,5,5,0.044512580729166674
66,11,28,True,865.0,869.0,False,23,male,7,3,7,
67,11,29,False,2266.0,964.0,True,23,male,13,11,13,0.08386176215277776
68,11,30,False,2159.0,1894.0,False,23,male,19,18,15,
69,11,31,True,762.0,688.0,False,23,male,8,7,8,
70,11,32,True,876.0,789.0,True,23,male,4,2,7,0.11873057682291664
71,11,33,True,1718.0,870.0,False,23,male,4,2,5,
72,11,34,True,3004.0,1031.0,False,23,male,4,2,11,
73,11,35,True,1202.0,581.0,True,23,male,7,2,4,0.05901558533333333
74,11,36,True,1673.0,600.0,True,23,male,10,9,10,0.024807356567382803
75,11,37,True,1215.0,571.0,False,23,male,5,2,8,
76,11,38,True,794.0,893.0,True,23,male,5,2,4,0.19203041941754695
77,11,39,True,887.0,1006.0,True,23,male,6,3,4,0.06790933494373781
78,11,40,True,1335.0,593.0,False,23,male,8,7,2,
79,11,41,False,4098.0,1072.0,False,23,male,18,13,5,
80,11,42,True,1622.0,812.0,True,23,male,5,3,8,0.13581856204156473
81,11,43,True,960.0,538.0,True,23,male,16,8,9,0.12506303613281247
82,11,44,True,1627.0,917.0,True,23,male,5,4,7,0.23060029333333337
83,11,45,True,609.0,529.0,True,23,male,9,4,4,0.07582185638142522
84,11,46,True,820.0,556.0,True,23,male,7,3,4,0.08358820003531073
85,11,47,True,1674.0,1377.0,False,23,male,2,2,7,
86,11,48,False,931.0,608.0,False,23,male,3,2,12,
87,11,49,True,2231.0,572.0,False,23,male,4,2,5,
88,11,50,True,1001.0,826.0,False,23,male,5,2,12,
89,11,51,True,1395.0,889.0,False,23,male,17,6,12,
90,11,52,True,1420.0,660.0,False,23,male,6,2,2,
91,11,53,True,715.0,621.0,True,23,male,3,2,4,0.1788240727968096
92,11,54,True,895.0,486.0,False,23,male,5,2,11,
93,11,55,True,900.0,630.0,True,23,male,24,8,9,0.06307643112470518
94,11,56,True,915.0,779.0,False,23,male,6,3,2,
95,11,57,False,3150.0,1446.0,True,23,male,7,2,11,0.051636123276115005
96,11,58,True,1642.0,803.0,False,23,male,3,3,8,
97,11,59,True,862.0,1005.0,True,23,male,6,3,8,0.03906984252354788
98,11,60,True,1280.0,672.0,False,23,male,4,4,12,
99,11,61,True,1417.0,787.0,False,23,male,5,4,10,
100,11,62,True,890.0,563.0,True,23,male,9,4,8,0.2083508837890625
101,11,63,False,2413.0,714.0,False,23,male,11,2,15,
102,11,64,True,1130.0,579.0,False,23,male,20,9,6,
103,11,65,True,1314.0,683.0,False,23,male,4,2,11,
104,11,66,True,719.0,1012.0,True,23,male,5,3,5,0.24814582480000003
105,11,67,True,876.0,424.0,True,23,male,12,8,8,0.17004618522135412
106,11,68,True,994.0,492.0,False,23,male,10,3,7,
107,11,69,True,2457.0,1390.0,False,23,male,11,10,12,
108,11,70,True,1532.0,595.0,False,23,male,12,2,14,
109,11,71,True,1656.0,805.0,False,23,male,7,4,8,
110,11,72,True,1563.0,2309.0,False,23,male,3,2,20,
111,11,73,False,1387.0,561.0,True,23,male,6,3,2,0.04552086101541994
112,11,74,True,2846.0,1038.0,True,23,male,9,7,10,0.042352121267564394
113,11,75,True,1715.0,949.0,False,23,male,5,5,7,
114,11,76,True,939.0,648.0,True,23,male,7,3,5,0.14747116746115818
115,11,77,True,1280.0,670.0,True,23,male,3,2,8,0.07533957112630209
116,11,78,True,1953.0,494.0,False,23,male,10,8,7,
117,11,79,False,1785.0,1059.0,False,23,male,10,5,12,
118,11,80,True,746.0,1073.0,True,23,male,4,2,2,0.22994266009221312
119,11,81,False,3182.0,708.0,False,23,male,12,11,8,
120,11,82,True,890.0,890.0,True,23,male,5,2,4,0.05136393662177986
121,11,83,True,1145.0,628.0,False,23,male,15,12,10,
122,11,84,True,895.0,610.0,True,23,male,5,2,5,0.07433707447562357
123,11,85,True,1020.0,615.0,True,23,male,7,2,10,0.10330699055989583
124,11,86,True,1610.0,814.0,False,23,male,13,6,9,
125,11,87,True,1317.0,1077.0,True,23,male,13,11,12,0.18816536738875886
126,11,88,True,2085.0,979.0,False,23,male,12,4,5,
127,11,89,True,1242.0,930.0,True,23,male,15,13,5,0.08290406726726725
128,11,90,True,1423.0,803.0,False,23,male,2,1,9,
129,11,91,True,1636.0,508.0,True,23,male,7,3,8,0.24057339249121773
130,11,92,True,1656.0,702.0,False,23,male,8,7,2,
131,11,93,False,3823.0,636.0,False,23,male,16,10,6,
132,11,94,True,2314.0,586.0,False,23,male,15,11,3,
133,11,95,True,1955.0,1088.0,True,23,male,16,5,14,0.04280135349264706
134,11,96,False,169.0,560.0,True,23,male,13,4,8,0.0455782176724138
135,11,97,True,1576.0,645.0,False,23,male,9,8,5,
136,11,98,True,1357.0,737.0,False,23,male,9,3,7,
137,11,99,True,1157.0,536.0,True,23,male,7,4,4,0.09411799454771663
138,12,0,True,1508.0,4596.0,True,23,female,6,2,6,0.07933554077148436
139,12,1,True,1357.0,1137.0,True,23,female,4,2,4,0.16137969481850117
140,12,2,True,2332.0,1283.0,True,23,female,7,6,3,0.05680589225260416
141,12,3,True,1512.0,1088.0,True,23,female,7,5,6,0.05593743021051255
142,12,4,True,1313.0,1006.0,True,23,female,10,5,3,0.09158368141138498
143,12,5,True,1218.0,1553.0,True,23,female,3,2,4,0.05937824465224667
144,12,6,True,2290.0,2523.0,True,23,female,33,9,9,0.0558711852737467
145,12,7,True,2906.0,2530.0,False,23,female,13,12,10,
146,12,8,True,4146.0,2275.0,False,23,female,3,2,3,
147,12,9,True,1809.0,721.0,False,23,female,6,3,8,
148,12,10,True,1638.0,143.0,True,23,female,23,12,8,0.047453544319705096
149,12,11,True,1389.0,644.0,False,23,female,9,3,4,
150,12,12,True,1477.0,745.0,False,23,female,16,14,3,
151,12,13,False,1043.0,478.0,True,23,female,4,3,3,0.12236929339871193
152,12,14,True,1385.0,652.0,False,23,female,8,2,2,
153,12,15,True,1995.0,483.0,True,23,female,5,3,3,0.10150235234215885
154,12,16,True,1227.0,744.0,True,23,female,4,2,4,0.05243384000651042
155,12,17,True,2291.0,947.0,False,23,female,12,11,7,
156,12,18,True,1972.0,2717.0,False,23,female,7,4,2,
157,12,19,True,3096.0,2611.0,False,23,female,8,4,8,
158,12,20,False,3430.0,3086.0,True,23,female,19,4,13,0.06712355335771276
159,12,21,True,804.0,805.0,True,23,female,4,2,4,0.17563542583626757
160,12,22,True,881.0,997.0,True,23,female,5,2,7,0.11650467050209203
161,12,23,True,865.0,688.0,True,23,female,3,2,4,0.30480195866666654
162,12,24,False,2309.0,4171.0,False,23,female,7,4,21,
163,12,25,True,1690.0,1003.0,True,23,female,7,4,9,0.06720385783450704
164,12,26,True,3261.0,698.0,True,23,female,11,7,6,0.16774556041422714
165,12,27,True,1073.0,444.0,True,23,female,8,5,5,0.044512580729166674
166,12,28,True,1490.0,418.0,False,23,female,7,3,7,
167,12,29,True,1837.0,1947.0,True,23,female,13,11,13,0.08386176215277776
168,12,30,True,5095.0,2488.0,False,23,female,19,18,15,
169,12,31,True,1782.0,2947.0,False,23,female,8,7,8,
170,12,32,True,1488.0,599.0,True,23,female,4,2,7,0.11873057682291664
171,12,33,True,3253.0,575.0,False,23,female,4,2,5,
172,12,34,True,2493.0,2278.0,False,23,female,4,2,11,
173,12,35,False,5050.0,619.0,True,23,female,7,2,4,0.05901558533333333
174,12,36,False,2464.0,1071.0,True,23,female,10,9,10,0.024807356567382803
175,12,37,True,2644.0,776.0,False,23,female,5,2,8,
176,12,38,True,1481.0,616.0,True,23,female,5,2,4,0.19203041941754695
177,12,39,True,1131.0,625.0,True,23,female,6,3,4,0.06790933494373781
178,12,40,True,2231.0,482.0,False,23,female,8,7,2,
179,12,41,True,3341.0,500.0,False,23,female,18,13,5,
180,12,42,True,1429.0,482.0,True,23,female,5,3,8,0.13581856204156473
181,12,43,True,1037.0,554.0,True,23,female,16,8,9,0.12506303613281247
182,12,44,True,2630.0,726.0,True,23,female,5,4,7,0.23060029333333337
183,12,45,True,1981.0,429.0,True,23,female,9,4,4,0.07582185638142522
184,12,46,True,1929.0,553.0,True,23,female,7,3,4,0.08358820003531073
185,12,47,True,2016.0,598.0,False,23,female,2,2,7,
186,12,48,True,1434.0,829.0,False,23,female,3,2,12,
187,12,49,True,1793.0,405.0,False,23,female,4,2,5,
188,12,50,True,1572.0,4063.0,False,23,female,5,2,12,
189,12,51,True,2698.0,1837.0,False,23,female,17,6,12,
190,12,52,True,1926.0,574.0,False,23,female,6,2,2,
191,12,53,True,1076.0,1310.0,True,23,female,3,2,4,0.1788240727968096
192,12,54,True,1884.0,2268.0,False,23,female,5,2,11,
193,12,55,True,1455.0,1817.0,True,23,female,24,8,9,0.06307643112470518
194,12,56,True,2343.0,2064.0,False,23,female,6,3,2,
195,12,57,True,1746.0,3183.0,True,23,female,7,2,11,0.051636123276115005
196,12,58,True,1906.0,706.0,False,23,female,3,3,8,
197,12,59,True,1317.0,783.0,True,23,female,6,3,8,0.03906984252354788
198,12,60,True,1500.0,1341.0,False,23,female,4,4,12,
199,12,61,True,1427.0,670.0,False,23,female,5,4,10,
200,12,62,True,958.0,2567.0,True,23,female,9,4,8,0.2083508837890625
201,12,63,True,2244.0,3221.0,False,23,female,11,2,15,
202,12,64,True,1825.0,941.0,False,23,female,20,9,6,
203,12,65,True,2492.0,640.0,False,23,female,4,2,11,
204,12,66,True,1105.0,709.0,True,23,female,5,3,5,0.24814582480000003
205,12,67,True,2972.0,900.0,True,23,female,12,8,8,0.17004618522135412
206,12,68,False,1686.0,703.0,False,23,female,10,3,7,
207,12,69,True,2469.0,2076.0,False,23,female,11,10,12,
208,12,70,True,1569.0,2104.0,False,23,female,12,2,14,
209,12,71,True,1792.0,657.0,False,23,female,7,4,8,
210,12,72,True,970.0,4211.0,False,23,female,3,2,20,
211,12,73,True,3287.0,693.0,True,23,female,6,3,2,0.04552086101541994
212,12,74,False,1321.0,2168.0,True,23,female,9,7,10,0.042352121267564394
213,12,75,False,3199.0,923.0,False,23,female,5,5,7,
214,12,76,True,1044.0,586.0,True,23,female,7,3,5,0.14747116746115818
215,12,77,True,1372.0,506.0,True,23,female,3,2,8,0.07533957112630209
216,12,78,True,2065.0,603.0,False,23,female,10,8,7,
217,12,79,True,4154.0,1508.0,False,23,female,10,5,12,
218,12,80,True,1022.0,467.0,True,23,female,4,2,2,0.22994266009221312
219,12,81,False,5706.0,827.0,False,23,female,12,11,8,
220,12,82,True,907.0,673.0,True,23,female,5,2,4,0.05136393662177986
221,12,83,True,1932.0,913.0,False,23,female,15,12,10,
222,12,84,True,1308.0,511.0,True,23,female,5,2,5,0.07433707447562357
223,12,85,True,1298.0,939.0,True,23,female,7,2,10,0.10330699055989583
224,12,86,True,2763.0,580.0,False,23,female,13,6,9,
225,12,87,True,2746.0,1065.0,True,23,female,13,11,12,0.18816536738875886
226,12,88,True,2163.0,506.0,False,23,female,12,4,5,
227,12,89,True,1368.0,599.0,True,23,female,15,13,5,0.08290406726726725
228,12,90,True,2782.0,1080.0,False,23,female,2,1,9,
229,12,91,True,847.0,647.0,True,23,female,7,3,8,0.24057339249121773
230,12,92,True,2280.0,521.0,False,23,female,8,7,2,
231,12,93,False,3396.0,538.0,False,23,female,16,10,6,
232,12,94,True,1858.0,532.0,False,23,female,15,11,3,
233,12,95,True,1898.0,1824.0,True,23,female,16,5,14,0.04280135349264706
234,12,96,True,1476.0,590.0,True,23,female,13,4,8,0.0455782176724138
235,12,97,True,1556.0,701.0,False,23,female,9,8,5,
236,12,98,True,962.0,590.0,False,23,female,9,3,7,
237,12,99,True,1249.0,516.0,True,23,female,7,4,4,0.09411799454771663
238,13,0,True,855.0,2891.0,True,23,male,6,2,6,0.07933554077148436
239,13,1,True,797.0,2123.0,True,23,male,4,2,4,0.16137969481850117
240,13,2,True,1903.0,2299.0,True,23,male,7,6,3,0.05680589225260416
241,13,3,True,1104.0,2115.0,True,23,male,7,5,6,0.05593743021051255
242,13,4,True,1463.0,1262.0,True,23,male,10,5,3,0.09158368141138498
243,13,5,True,883.0,1268.0,True,23,male,3,2,4,0.05937824465224667
244,13,6,True,1925.0,3952.0,True,23,male,33,9,9,0.0558711852737467
245,13,7,True,2092.0,2550.0,False,23,male,13,12,10,
246,13,8,True,7845.0,1822.0,False,23,male,3,2,3,
247,13,9,True,2642.0,3451.0,False,23,male,6,3,8,
248,13,10,True,3900.0,1535.0,True,23,male,23,12,8,0.047453544319705096
249,13,11,True,2091.0,1517.0,False,23,male,9,3,4,
250,13,12,True,1639.0,1583.0,False,23,male,16,14,3,
251,13,13,False,1118.0,1050.0,True,23,male,4,3,3,0.12236929339871193
252,13,14,True,2533.0,3900.0,False,23,male,8,2,2,
253,13,15,True,2676.0,988.0,True,23,male,5,3,3,0.10150235234215885
254,13,16,False,1472.0,3066.0,True,23,male,4,2,4,0.05243384000651042
255,13,17,True,1026.0,1793.0,False,23,male,12,11,7,
256,13,18,True,1353.0,977.0,False,23,male,7,4,2,
257,13,19,True,1375.0,1547.0,False,23,male,8,4,8,
258,13,20,True,2916.0,2883.0,True,23,male,19,4,13,0.06712355335771276
259,13,21,True,765.0,2724.0,True,23,male,4,2,4,0.17563542583626757
260,13,22,True,1017.0,2047.0,True,23,male,5,2,7,0.11650467050209203
261,13,23,True,996.0,945.0,True,23,male,3,2,4,0.30480195866666654
262,13,24,False,3877.0,7441.0,False,23,male,7,4,21,
263,13,25,True,1449.0,4117.0,True,23,male,7,4,9,0.06720385783450704
264,13,26,True,1391.0,1732.0,True,23,male,11,7,6,0.16774556041422714
265,13,27,True,1008.0,1310.0,True,23,male,8,5,5,0.044512580729166674
266,13,28,True,1102.0,1935.0,False,23,male,7,3,7,
267,13,29,True,1410.0,3273.0,True,23,male,13,11,13,0.08386176215277776
268,13,30,True,2362.0,3657.0,False,23,male,19,18,15,
269,13,31,True,4184.0,1945.0,False,23,male,8,7,8,
270,13,32,True,1139.0,1440.0,True,23,male,4,2,7,0.11873057682291664
271,13,33,True,1422.0,897.0,False,23,male,4,2,5,
272,13,34,True,2971.0,2149.0,False,23,male,4,2,11,
273,13,35,True,1891.0,1020.0,True,23,male,7,2,4,0.05901558533333333
274,13,36,True,1492.0,1982.0,True,23,male,10,9,10,0.024807356567382803
275,13,37,True,2807.0,1443.0,False,23,male,5,2,8,
276,13,38,True,950.0,1031.0,True,23,male,5,2,4,0.19203041941754695
277,13,39,True,1306.0,971.0,True,23,male,6,3,4,0.06790933494373781
278,13,40,True,1459.0,994.0,False,23,male,8,7,2,
279,13,41,True,2405.0,1963.0,False,23,male,18,13,5,
280,13,42,True,1852.0,3266.0,True,23,male,5,3,8,0.13581856204156473
281,13,43,True,987.0,3762.0,True,23,male,16,8,9,0.12506303613281247
282,13,44,True,2125.0,1092.0,True,23,male,5,4,7,0.23060029333333337
283,13,45,True,1020.0,1146.0,True,23,male,9,4,4,0.07582185638142522
284,13,46,True,967.0,965.0,True,23,male,7,3,4,0.08358820003531073
285,13,47,True,1355.0,1560.0,False,23,male,2,2,7,
286,13,48,False,2164.0,2520.0,False,23,male,3,2,12,
287,13,49,True,2520.0,3509.0,False,23,male,4,2,5,
288,13,50,True,1945.0,5631.0,False,23,male,5,2,12,
289,13,51,True,1064.0,3538.0,False,23,male,17,6,12,
290,13,52,True,2434.0,1218.0,False,23,male,6,2,2,
291,13,53,True,3416.0,1007.0,True,23,male,3,2,4,0.1788240727968096
292,13,54,True,1152.0,4031.0,False,23,male,5,2,11,
293,13,55,True,1010.0,1334.0,True,23,male,24,8,9,0.06307643112470518
294,13,56,True,1254.0,835.0,False,23,male,6,3,2,
295,13,57,True,4044.0,2060.0,True,23,male,7,2,11,0.051636123276115005
296,13,58,True,1696.0,2144.0,False,23,male,3,3,8,
297,13,59,True,1280.0,2092.0,True,23,male,6,3,8,0.03906984252354788
298,13,60,True,2354.0,1364.0,False,23,male,4,4,12,
299,13,61,True,954.0,1376.0,False,23,male,5,4,10,
300,13,62,True,873.0,4220.0,True,23,male,9,4,8,0.2083508837890625
301,13,63,True,1362.0,2481.0,False,23,male,11,2,15,
302,13,64,True,1891.0,940.0,False,23,male,20,9,6,
303,13,65,True,1164.0,1792.0,False,23,male,4,2,11,
304,13,66,True,926.0,1009.0,True,23,male,5,3,5,0.24814582480000003
305,13,67,True,1009.0,2215.0,True,23,male,12,8,8,0.17004618522135412
306,13,68,False,1245.0,1637.0,False,23,male,10,3,7,
307,13,69,True,990.0,2759.0,False,23,male,11,10,12,
308,13,70,True,926.0,3009.0,False,23,male,12,2,14,
309,13,71,True,2993.0,1747.0,False,23,male,7,4,8,
310,13,72,True,1652.0,6300.0,False,23,male,3,2,20,
311,13,73,True,2640.0,871.0,True,23,male,6,3,2,0.04552086101541994
312,13,74,True,2062.0,4250.0,True,23,male,9,7,10,0.042352121267564394
313,13,75,False,2252.0,1339.0,False,23,male,5,5,7,
314,13,76,True,1321.0,1416.0,True,23,male,7,3,5,0.14747116746115818
315,13,77,True,1703.0,2062.0,True,23,male,3,2,8,0.07533957112630209
316,13,78,True,1220.0,1732.0,False,23,male,10,8,7,
317,13,79,True,1632.0,3096.0,False,23,male,10,5,12,
318,13,80,True,821.0,1855.0,True,23,male,4,2,2,0.22994266009221312
319,13,81,False,1696.0,1467.0,False,23,male,12,11,8,
320,13,82,True,854.0,1091.0,True,23,male,5,2,4,0.05136393662177986
321,13,83,True,974.0,1304.0,False,23,male,15,12,10,
322,13,84,True,869.0,946.0,True,23,male,5,2,5,0.07433707447562357
323,13,85,True,828.0,3073.0,True,23,male,7,2,10,0.10330699055989583
324,13,86,True,1901.0,1623.0,False,23,male,13,6,9,
325,13,87,True,1699.0,2760.0,True,23,male,13,11,12,0.18816536738875886
326,13,88,True,1337.0,1022.0,False,23,male,12,4,5,
327,13,89,True,932.0,1057.0,True,23,male,15,13,5,0.08290406726726725
328,13,90,True,1224.0,1697.0,False,23,male,2,1,9,
329,13,91,True,790.0,1317.0,True,23,male,7,3,8,0.24057339249121773
330,13,92,True,1795.0,888.0,False,23,male,8,7,2,
331,13,93,False,1503.0,2873.0,False,23,male,16,10,6,
332,13,94,True,939.0,1248.0,False,23,male,15,11,3,
333,13,95,True,1251.0,3109.0,True,23,male,16,5,14,0.04280135349264706
334,13,96,True,1324.0,1679.0,True,23,male,13,4,8,0.0455782176724138
335,13,97,True,2436.0,973.0,False,23,male,9,8,5,
336,13,98,True,1584.0,1639.0,False,23,male,9,3,7,
337,13,99,True,839.0,1222.0,True,23,male,7,4,4,0.09411799454771663
338,14,0,True,2219.0,2014.0,True,23,male,6,2,6,0.07933554077148436
339,14,1,True,876.0,1267.0,True,23,male,4,2,4,0.16137969481850117
340,14,2,True,1677.0,3876.0,True,23,male,7,6,3,0.05680589225260416
341,14,3,True,1448.0,1330.0,True,23,male,7,5,6,0.05593743021051255
342,14,4,True,915.0,1111.0,True,23,male,10,5,3,0.09158368141138498
343,14,5,True,892.0,1919.0,True,23,male,3,2,4,0.05937824465224667
344,14,7,True,6270.0,3085.0,False,23,male,13,12,10,
345,14,8,True,1403.0,1909.0,False,23,male,3,2,3,
346,14,9,True,1399.0,2374.0,False,23,male,6,3,8,
347,14,10,True,2257.0,1757.0,True,23,male,23,12,8,0.047453544319705096
348,14,11,True,1044.0,2624.0,False,23,male,9,3,4,
349,14,12,True,1462.0,732.0,False,23,male,16,14,3,
350,14,13,True,981.0,937.0,True,23,male,4,3,3,0.12236929339871193
351,14,14,True,683.0,712.0,False,23,male,8,2,2,
352,14,15,True,1131.0,1762.0,True,23,male,5,3,3,0.10150235234215885
353,14,16,True,1217.0,1420.0,True,23,male,4,2,4,0.05243384000651042
354,14,17,True,750.0,1529.0,False,23,male,12,11,7,
355,14,18,True,2329.0,683.0,False,23,male,7,4,2,
356,14,19,True,1753.0,1723.0,False,23,male,8,4,8,
357,14,20,True,6058.0,4804.0,True,23,male,19,4,13,0.06712355335771276
358,14,21,True,2521.0,7088.0,True,23,male,4,2,4,0.17563542583626757
359,14,22,True,671.0,2252.0,True,23,male,5,2,7,0.11650467050209203
360,14,23,True,494.0,884.0,True,23,male,3,2,4,0.30480195866666654
361,14,24,True,427.0,8788.0,False,23,male,7,4,21,
362,14,25,True,2059.0,4057.0,True,23,male,7,4,9,0.06720385783450704
363,14,26,True,1057.0,1217.0,True,23,male,11,7,6,0.16774556041422714
364,14,27,True,788.0,742.0,True,23,male,8,5,5,0.044512580729166674
365,14,28,True,700.0,1314.0,False,23,male,7,3,7,
366,14,29,True,1340.0,1713.0,True,23,male,13,11,13,0.08386176215277776
367,14,30,True,4043.0,1874.0,False,23,male,19,18,15,
368,14,31,True,709.0,2087.0,False,23,male,8,7,8,
369,14,32,True,886.0,829.0,True,23,male,4,2,7,0.11873057682291664
370,14,33,True,5589.0,927.0,False,23,male,4,2,5,
371,14,34,False,1162.0,3286.0,False,23,male,4,2,11,
372,14,35,True,1341.0,1345.0,True,23,male,7,2,4,0.05901558533333333
373,14,36,True,1466.0,1583.0,True,23,male,10,9,10,0.024807356567382803
374,14,37,False,3326.0,827.0,False,23,male,5,2,8,
375,14,38,True,1130.0,1465.0,True,23,male,5,2,4,0.19203041941754695
376,14,39,True,1673.0,1047.0,True,23,male,6,3,4,0.06790933494373781
377,14,40,True,2098.0,818.0,False,23,male,8,7,2,
378,14,41,False,5952.0,1209.0,False,23,male,18,13,5,
379,14,42,False,1258.0,1228.0,True,23,male,5,3,8,0.13581856204156473
380,14,43,True,4429.0,4396.0,True,23,male,16,8,9,0.12506303613281247
381,14,44,True,1332.0,1003.0,True,23,male,5,4,7,0.23060029333333337
382,14,45,True,1260.0,1347.0,True,23,male,9,4,4,0.07582185638142522
383,14,46,True,739.0,1143.0,True,23,male,7,3,4,0.08358820003531073
384,14,47,True,2218.0,1487.0,False,23,male,2,2,7,
385,14,48,False,1434.0,1614.0,False,23,male,3,2,12,
386,14,49,True,2603.0,937.0,False,23,male,4,2,5,
387,14,50,True,923.0,4330.0,False,23,male,5,2,12,
388,14,51,True,978.0,8231.0,False,23,male,17,6,12,
389,14,52,True,3884.0,989.0,False,23,male,6,2,2,
390,14,53,True,2061.0,794.0,True,23,male,3,2,4,0.1788240727968096
391,14,54,True,626.0,2285.0,False,23,male,5,2,11,
392,14,55,True,1080.0,934.0,True,23,male,24,8,9,0.06307643112470518
393,14,56,True,819.0,714.0,False,23,male,6,3,2,
394,14,57,True,2268.0,2326.0,True,23,male,7,2,11,0.051636123276115005
395,14,58,True,1435.0,1284.0,False,23,male,3,3,8,
396,14,59,True,1195.0,1035.0,True,23,male,6,3,8,0.03906984252354788
397,14,60,True,3367.0,1636.0,False,23,male,4,4,12,
398,14,61,True,3962.0,956.0,False,23,male,5,4,10,
399,14,62,True,764.0,990.0,True,23,male,9,4,8,0.2083508837890625
400,14,63,False,2441.0,1446.0,False,23,male,11,2,15,
401,14,64,True,4621.0,1524.0,False,23,male,20,9,6,
402,14,65,True,1297.0,1122.0,False,23,male,4,2,11,
403,14,66,True,1294.0,689.0,True,23,male,5,3,5,0.24814582480000003
404,14,67,True,795.0,841.0,True,23,male,12,8,8,0.17004618522135412
405,14,68,False,1359.0,1004.0,False,23,male,10,3,7,
406,14,69,False,1511.0,1797.0,False,23,male,11,10,12,
407,14,70,True,1673.0,3536.0,False,23,male,12,2,14,
408,14,71,True,3023.0,1424.0,False,23,male,7,4,8,
409,14,72,True,2898.0,5303.0,False,23,male,3,2,20,
410,14,73,True,6308.0,1082.0,True,23,male,6,3,2,0.04552086101541994
411,14,74,True,1333.0,2535.0,True,23,male,9,7,10,0.042352121267564394
412,14,75,False,1926.0,1778.0,False,23,male,5,5,7,
413,14,76,True,924.0,1097.0,True,23,male,7,3,5,0.14747116746115818
414,14,77,True,1059.0,953.0,True,23,male,3,2,8,0.07533957112630209
415,14,78,True,1740.0,920.0,False,23,male,10,8,7,
416,14,79,False,2927.0,1476.0,False,23,male,10,5,12,
417,14,80,True,677.0,833.0,True,23,male,4,2,2,0.22994266009221312
418,14,81,False,3952.0,1696.0,False,23,male,12,11,8,
419,14,82,True,1118.0,2581.0,True,23,male,5,2,4,0.05136393662177986
420,14,83,True,1256.0,1463.0,False,23,male,15,12,10,
421,14,84,True,857.0,873.0,True,23,male,5,2,5,0.07433707447562357
422,14,85,True,969.0,1791.0,True,23,male,7,2,10,0.10330699055989583
423,14,86,True,2514.0,1100.0,False,23,male,13,6,9,
424,14,87,True,1051.0,1374.0,True,23,male,13,11,12,0.18816536738875886
425,14,88,True,2018.0,2296.0,False,23,male,12,4,5,
426,14,89,True,813.0,742.0,True,23,male,15,13,5,0.08290406726726725
427,14,90,True,3238.0,1512.0,False,23,male,2,1,9,
428,14,91,True,637.0,1086.0,True,23,male,7,3,8,0.24057339249121773
429,14,92,True,4372.0,630.0,False,23,male,8,7,2,
430,14,93,False,3447.0,1478.0,False,23,male,16,10,6,
431,14,94,True,1890.0,588.0,False,23,male,15,11,3,
432,14,95,True,1524.0,1806.0,True,23,male,16,5,14,0.04280135349264706
433,14,96,True,1235.0,1411.0,True,23,male,13,4,8,0.0455782176724138
434,14,97,True,2901.0,851.0,False,23,male,9,8,5,
435,14,98,True,1880.0,2095.0,False,23,male,9,3,7,
436,14,99,True,930.0,604.0,True,23,male,7,4,4,0.09411799454771663
437,15,0,True,1139.0,1474.0,True,23,male,6,2,6,0.07933554077148436
438,15,1,True,1373.0,913.0,True,23,male,4,2,4,0.16137969481850117
439,15,2,True,2290.0,1022.0,True,23,male,7,6,3,0.05680589225260416
440,15,3,True,2161.0,1913.0,True,23,male,7,5,6,0.05593743021051255
441,15,4,True,2069.0,794.0,True,23,male,10,5,3,0.09158368141138498
442,15,5,True,1400.0,958.0,True,23,male,3,2,4,0.05937824465224667
443,15,6,False,8904.0,2718.0,True,23,male,33,9,9,0.0558711852737467
444,15,7,True,5656.0,1472.0,False,23,male,13,12,10,
445,15,8,True,3390.0,1379.0,False,23,male,3,2,3,
446,15,9,True,2262.0,1576.0,False,23,male,6,3,8,
447,15,10,True,2895.0,1680.0,True,23,male,23,12,8,0.047453544319705096
448,15,11,True,2558.0,1213.0,False,23,male,9,3,4,
449,15,12,True,3479.0,1117.0,False,23,male,16,14,3,
450,15,13,True,2418.0,1112.0,True,23,male,4,3,3,0.12236929339871193
451,15,14,True,1738.0,1137.0,False,23,male,8,2,2,
452,15,15,True,3248.0,1728.0,True,23,male,5,3,3,0.10150235234215885
453,15,16,True,1634.0,1009.0,True,23,male,4,2,4,0.05243384000651042
454,15,17,True,1951.0,1306.0,False,23,male,12,11,7,
455,15,18,True,2557.0,1174.0,False,23,male,7,4,2,
456,15,19,True,4494.0,1544.0,False,23,male,8,4,8,
457,15,20,True,2307.0,3628.0,True,23,male,19,4,13,0.06712355335771276
458,15,21,True,1036.0,1409.0,True,23,male,4,2,4,0.17563542583626757
459,15,22,True,1457.0,1041.0,True,23,male,5,2,7,0.11650467050209203
460,15,23,True,936.0,843.0,True,23,male,3,2,4,0.30480195866666654
461,15,24,True,9678.0,6336.0,False,23,male,7,4,21,
462,15,25,True,1901.0,1629.0,True,23,male,7,4,9,0.06720385783450704
463,15,26,True,1352.0,1061.0,True,23,male,11,7,6,0.16774556041422714
464,15,27,True,2267.0,928.0,True,23,male,8,5,5,0.044512580729166674
465,15,28,True,2064.0,1108.0,False,23,male,7,3,7,
466,15,29,True,2281.0,4425.0,True,23,male,13,11,13,0.08386176215277776
467,15,30,True,6817.0,5358.0,False,23,male,19,18,15,
468,15,31,True,6109.0,1767.0,False,23,male,8,7,8,
469,15,32,True,3864.0,1636.0,True,23,male,4,2,7,0.11873057682291664
470,15,33,True,2175.0,2623.0,False,23,male,4,2,5,
471,15,34,False,2566.0,2153.0,False,23,male,4,2,11,
472,15,35,False,2688.0,1653.0,True,23,male,7,2,4,0.05901558533333333
473,15,36,True,2032.0,2208.0,True,23,male,10,9,10,0.024807356567382803
474,15,37,False,3551.0,1195.0,False,23,male,5,2,8,
475,15,38,True,1517.0,848.0,True,23,male,5,2,4,0.19203041941754695
476,15,39,True,1374.0,982.0,True,23,male,6,3,4,0.06790933494373781
477,15,40,True,5097.0,1154.0,False,23,male,8,7,2,
478,15,41,False,8463.0,2840.0,False,23,male,18,13,5,
479,15,42,False,1148.0,2591.0,True,23,male,5,3,8,0.13581856204156473
480,15,43,True,2944.0,1480.0,True,23,male,16,8,9,0.12506303613281247
481,15,44,True,3437.0,1484.0,True,23,male,5,4,7,0.23060029333333337
482,15,45,True,1180.0,975.0,True,23,male,9,4,4,0.07582185638142522
483,15,46,True,1174.0,1193.0,True,23,male,7,3,4,0.08358820003531073
484,15,47,True,5058.0,952.0,False,23,male,2,2,7,
485,15,48,False,2018.0,2667.0,False,23,male,3,2,12,
486,15,49,True,2903.0,880.0,False,23,male,4,2,5,
487,15,50,True,4522.0,5223.0,False,23,male,5,2,12,
488,15,51,True,2982.0,3749.0,False,23,male,17,6,12,
489,15,52,True,2044.0,3558.0,False,23,male,6,2,2,
490,15,53,True,2621.0,3040.0,True,23,male,3,2,4,0.1788240727968096
491,15,54,True,1354.0,3287.0,False,23,male,5,2,11,
492,15,55,True,2744.0,1910.0,True,23,male,24,8,9,0.06307643112470518
493,15,56,True,1656.0,725.0,False,23,male,6,3,2,
494,15,57,True,2915.0,3660.0,True,23,male,7,2,11,0.051636123276115005
495,15,58,True,3385.0,1052.0,False,23,male,3,3,8,
496,15,59,True,1628.0,1264.0,True,23,male,6,3,8,0.03906984252354788
497,15,60,True,4211.0,2002.0,False,23,male,4,4,12,
498,15,61,True,4808.0,1610.0,False,23,male,5,4,10,
499,15,62,True,1396.0,1016.0,True,23,male,9,4,8,0.2083508837890625
500,15,63,True,3347.0,2756.0,False,23,male,11,2,15,
501,15,64,True,2730.0,1051.0,False,23,male,20,9,6,
502,15,65,True,3006.0,1494.0,False,23,male,4,2,11,
503,15,66,True,1793.0,1305.0,True,23,male,5,3,5,0.24814582480000003
504,15,67,True,2346.0,969.0,True,23,male,12,8,8,0.17004618522135412
505,15,68,False,1854.0,1146.0,False,23,male,10,3,7,
506,15,69,True,2779.0,2398.0,False,23,male,11,10,12,
507,15,70,True,2666.0,3648.0,False,23,male,12,2,14,
508,15,71,True,2745.0,1203.0,False,23,male,7,4,8,
509,15,72,True,1634.0,6674.0,False,23,male,3,2,20,
510,15,73,True,3316.0,1012.0,True,23,male,6,3,2,0.04552086101541994
511,15,74,True,1950.0,2151.0,True,23,male,9,7,10,0.042352121267564394
512,15,75,False,2046.0,1129.0,False,23,male,5,5,7,
513,15,76,True,1546.0,1046.0,True,23,male,7,3,5,0.14747116746115818
514,15,77,True,1476.0,1168.0,True,23,male,3,2,8,0.07533957112630209
515,15,78,True,2557.0,1352.0,False,23,male,10,8,7,
516,15,79,True,3499.0,2826.0,False,23,male,10,5,12,
517,15,80,True,1000.0,945.0,True,23,male,4,2,2,0.22994266009221312
518,15,81,False,1610.0,1328.0,False,23,male,12,11,8,
519,15,82,True,1751.0,1187.0,True,23,male,5,2,4,0.05136393662177986
520,15,83,True,3841.0,1322.0,False,23,male,15,12,10,
521,15,84,True,7453.0,2394.0,True,23,male,5,2,5,0.07433707447562357
522,15,85,True,2386.0,1522.0,True,23,male,7,2,10,0.10330699055989583
523,15,86,True,2592.0,1021.0,False,23,male,13,6,9,
524,15,87,True,1975.0,2299.0,True,23,male,13,11,12,0.18816536738875886
525,15,88,True,3111.0,1107.0,False,23,male,12,4,5,
526,15,89,True,1400.0,1744.0,True,23,male,15,13,5,0.08290406726726725
527,15,90,True,2866.0,3855.0,False,23,male,2,1,9,
528,15,91,True,1335.0,2421.0,True,23,male,7,3,8,0.24057339249121773
529,15,92,True,3817.0,1127.0,False,23,male,8,7,2,
530,15,93,False,5506.0,1462.0,False,23,male,16,10,6,
531,15,94,True,3512.0,907.0,False,23,male,15,11,3,
532,15,95,True,1847.0,3673.0,True,23,male,16,5,14,0.04280135349264706
533,15,96,True,5231.0,1638.0,True,23,male,13,4,8,0.0455782176724138
534,15,97,True,6083.0,1144.0,False,23,male,9,8,5,
535,15,98,True,4226.0,1233.0,False,23,male,9,3,7,
536,15,99,True,1422.0,1355.0,True,23,male,7,4,4,0.09411799454771663
537,16,0,True,1467.0,1486.0,True,23,male,6,2,6,0.07933554077148436
538,16,1,True,1060.0,1955.0,True,23,male,4,2,4,0.16137969481850117
539,16,2,True,1251.0,1715.0,True,23,male,7,6,3,0.05680589225260416
540,16,3,True,1409.0,1346.0,True,23,male,7,5,6,0.05593743021051255
541,16,4,True,1328.0,1029.0,True,23,male,10,5,3,0.09158368141138498
542,16,5,True,932.0,1079.0,True,23,male,3,2,4,0.05937824465224667
543,16,6,True,4454.0,3779.0,True,23,male,33,9,9,0.0558711852737467
544,16,7,True,2359.0,2717.0,False,23,male,13,12,10,
545,16,8,True,2910.0,2947.0,False,23,male,3,2,3,
546,16,9,True,1689.0,1966.0,False,23,male,6,3,8,
547,16,10,False,3578.0,1147.0,True,23,male,23,12,8,0.047453544319705096
548,16,11,True,1019.0,953.0,False,23,male,9,3,4,
549,16,12,True,1063.0,930.0,False,23,male,16,14,3,
550,16,13,True,1434.0,1291.0,True,23,male,4,3,3,0.12236929339871193
551,16,14,True,908.0,970.0,False,23,male,8,2,2,
552,16,15,True,1471.0,1126.0,True,23,male,5,3,3,0.10150235234215885
553,16,16,True,985.0,966.0,True,23,male,4,2,4,0.05243384000651042
554,16,17,True,910.0,1604.0,False,23,male,12,11,7,
555,16,18,True,1537.0,868.0,False,23,male,7,4,2,
556,16,19,True,1273.0,1212.0,False,23,male,8,4,8,
557,16,20,True,3979.0,7437.0,True,23,male,19,4,13,0.06712355335771276
558,16,21,True,774.0,1246.0,True,23,male,4,2,4,0.17563542583626757
559,16,22,True,761.0,840.0,True,23,male,5,2,7,0.11650467050209203
560,16,23,True,598.0,781.0,True,23,male,3,2,4,0.30480195866666654
561,16,24,True,8691.0,6069.0,False,23,male,7,4,21,
562,16,25,True,1971.0,1300.0,True,23,male,7,4,9,0.06720385783450704
563,16,26,True,1115.0,979.0,True,23,male,11,7,6,0.16774556041422714
564,16,27,True,916.0,598.0,True,23,male,8,5,5,0.044512580729166674
565,16,28,True,871.0,1062.0,False,23,male,7,3,7,
566,16,29,True,1899.0,3510.0,True,23,male,13,11,13,0.08386176215277776
567,16,30,True,3080.0,2981.0,False,23,male,19,18,15,
568,16,31,True,2500.0,1132.0,False,23,male,8,7,8,
569,16,32,True,1069.0,1024.0,True,23,male,4,2,7,0.11873057682291664
570,16,33,True,2318.0,1030.0,False,23,male,4,2,5,
571,16,34,True,2561.0,3065.0,False,23,male,4,2,11,
572,16,35,True,4721.0,943.0,True,23,male,7,2,4,0.05901558533333333
573,16,36,True,1811.0,1274.0,True,23,male,10,9,10,0.024807356567382803
574,16,37,True,3600.0,1190.0,False,23,male,5,2,8,
575,16,38,True,872.0,863.0,True,23,male,5,2,4,0.19203041941754695
576,16,39,True,1133.0,683.0,True,23,male,6,3,4,0.06790933494373781
577,16,40,True,1477.0,749.0,False,23,male,8,7,2,
578,16,41,True,4337.0,1263.0,False,23,male,18,13,5,
579,16,42,True,2406.0,1133.0,True,23,male,5,3,8,0.13581856204156473
580,16,43,True,1111.0,1372.0,True,23,male,16,8,9,0.12506303613281247
581,16,44,True,1824.0,1818.0,True,23,male,5,4,7,0.23060029333333337
582,16,45,True,1469.0,807.0,True,23,male,9,4,4,0.07582185638142522
583,16,46,True,933.0,955.0,True,23,male,7,3,4,0.08358820003531073
584,16,47,True,2515.0,932.0,False,23,male,2,2,7,
585,16,48,False,5024.0,4241.0,False,23,male,3,2,12,
586,16,49,True,2550.0,682.0,False,23,male,4,2,5,
587,16,50,True,1049.0,2942.0,False,23,male,5,2,12,
588,16,51,True,1204.0,1837.0,False,23,male,17,6,12,
589,16,52,True,1439.0,587.0,False,23,male,6,2,2,
590,16,53,True,1310.0,497.0,True,23,male,3,2,4,0.1788240727968096
591,16,54,True,699.0,909.0,False,23,male,5,2,11,
592,16,55,True,937.0,696.0,True,23,male,24,8,9,0.06307643112470518
593,16,56,True,876.0,583.0,False,23,male,6,3,2,
594,16,57,False,3130.0,2331.0,True,23,male,7,2,11,0.051636123276115005
595,16,58,True,632.0,802.0,False,23,male,3,3,8,
596,16,59,True,932.0,719.0,True,23,male,6,3,8,0.03906984252354788
597,16,60,True,1446.0,2435.0,False,23,male,4,4,12,
598,16,61,True,666.0,716.0,False,23,male,5,4,10,
599,16,62,True,959.0,687.0,True,23,male,9,4,8,0.2083508837890625
600,16,63,False,1584.0,1760.0,False,23,male,11,2,15,
601,16,64,True,978.0,878.0,False,23,male,20,9,6,
602,16,65,True,767.0,2995.0,False,23,male,4,2,11,
603,16,66,True,708.0,606.0,True,23,male,5,3,5,0.24814582480000003
604,16,67,True,832.0,924.0,True,23,male,12,8,8,0.17004618522135412
605,16,68,True,808.0,1186.0,False,23,male,10,3,7,
606,16,69,True,2719.0,3575.0,False,23,male,11,10,12,
607,16,70,True,1978.0,1692.0,False,23,male,12,2,14,
608,16,71,True,2776.0,883.0,False,23,male,7,4,8,
609,16,72,True,1257.0,4389.0,False,23,male,3,2,20,
610,16,73,True,1839.0,723.0,True,23,male,6,3,2,0.04552086101541994
611,16,74,True,2398.0,2019.0,True,23,male,9,7,10,0.042352121267564394
612,16,75,False,3620.0,1286.0,False,23,male,5,5,7,
613,16,76,True,1007.0,747.0,True,23,male,7,3,5,0.14747116746115818
614,16,77,True,1305.0,1454.0,True,23,male,3,2,8,0.07533957112630209
615,16,78,True,2203.0,876.0,False,23,male,10,8,7,
616,16,79,True,3645.0,2099.0,False,23,male,10,5,12,
617,16,80,True,671.0,738.0,True,23,male,4,2,2,0.22994266009221312
618,16,81,True,3247.0,857.0,False,23,male,12,11,8,
619,16,82,True,878.0,585.0,True,23,male,5,2,4,0.05136393662177986
620,16,83,True,740.0,1054.0,False,23,male,15,12,10,
621,16,84,True,947.0,723.0,True,23,male,5,2,5,0.07433707447562357
622,16,85,True,761.0,1183.0,True,23,male,7,2,10,0.10330699055989583
623,16,86,True,1871.0,756.0,False,23,male,13,6,9,
624,16,87,True,1627.0,2276.0,True,23,male,13,11,12,0.18816536738875886
625,16,88,True,1784.0,541.0,False,23,male,12,4,5,
626,16,89,True,765.0,515.0,True,23,male,15,13,5,0.08290406726726725
627,16,90,True,1712.0,901.0,False,23,male,2,1,9,
628,16,91,True,824.0,694.0,True,23,male,7,3,8,0.24057339249121773
629,16,92,True,1086.0,928.0,False,23,male,8,7,2,
630,16,93,False,4282.0,935.0,False,23,male,16,10,6,
631,16,94,True,1637.0,574.0,False,23,male,15,11,3,
632,16,95,True,1347.0,1581.0,True,23,male,16,5,14,0.04280135349264706
633,16,96,True,2208.0,924.0,True,23,male,13,4,8,0.0455782176724138
634,16,97,True,1190.0,1368.0,False,23,male,9,8,5,
635,16,98,True,1127.0,788.0,False,23,male,9,3,7,
636,16,99,True,1496.0,624.0,True,23,male,7,4,4,0.09411799454771663
637,17,0,False,993.0,972.0,True,23,male,6,2,6,0.07933554077148436
638,17,1,True,800.0,679.0,True,23,male,4,2,4,0.16137969481850117
639,17,2,True,1378.0,592.0,True,23,male,7,6,3,0.05680589225260416
640,17,3,True,1215.0,661.0,True,23,male,7,5,6,0.05593743021051255
641,17,4,True,1763.0,669.0,True,23,male,10,5,3,0.09158368141138498
642,17,5,True,1844.0,1032.0,True,23,male,3,2,4,0.05937824465224667
643,17,6,True,1849.0,1235.0,True,23,male,33,9,9,0.0558711852737467
644,17,7,False,3545.0,2016.0,False,23,male,13,12,10,
645,17,8,True,2355.0,1197.0,False,23,male,3,2,3,
646,17,9,True,1694.0,1142.0,False,23,male,6,3,8,
647,17,10,True,2243.0,1055.0,True,23,male,23,12,8,0.047453544319705096
648,17,11,True,1435.0,730.0,False,23,male,9,3,4,
649,17,12,True,995.0,1427.0,False,23,male,16,14,3,
650,17,13,True,1557.0,663.0,True,23,male,4,3,3,0.12236929339871193
651,17,14,True,988.0,1172.0,False,23,male,8,2,2,
652,17,15,True,2557.0,852.0,True,23,male,5,3,3,0.10150235234215885
653,17,16,True,1792.0,1288.0,True,23,male,4,2,4,0.05243384000651042
654,17,17,True,799.0,1087.0,False,23,male,12,11,7,
655,17,18,True,1222.0,732.0,False,23,male,7,4,2,
656,17,19,True,1928.0,762.0,False,23,male,8,4,8,
657,17,20,False,2765.0,3650.0,True,23,male,19,4,13,0.06712355335771276
658,17,21,True,1816.0,706.0,True,23,male,4,2,4,0.17563542583626757
659,17,22,True,2872.0,1120.0,True,23,male,5,2,7,0.11650467050209203
660,17,23,True,556.0,866.0,True,23,male,3,2,4,0.30480195866666654
661,17,24,False,7274.0,8852.0,False,23,male,7,4,21,
662,17,25,True,2058.0,1149.0,True,23,male,7,4,9,0.06720385783450704
663,17,26,True,1602.0,898.0,True,23,male,11,7,6,0.16774556041422714
664,17,27,True,942.0,672.0,True,23,male,8,5,5,0.044512580729166674
665,17,28,True,2215.0,869.0,False,23,male,7,3,7,
666,17,29,True,1232.0,3949.0,True,23,male,13,11,13,0.08386176215277776
667,17,30,True,3862.0,5512.0,False,23,male,19,18,15,
668,17,31,True,2268.0,1567.0,False,23,male,8,7,8,
669,17,32,True,1336.0,1065.0,True,23,male,4,2,7,0.11873057682291664
670,17,33,True,846.0,986.0,False,23,male,4,2,5,
671,17,34,True,1476.0,3212.0,False,23,male,4,2,11,
672,17,35,False,1045.0,716.0,True,23,male,7,2,4,0.05901558533333333
673,17,36,False,1440.0,1398.0,True,23,male,10,9,10,0.024807356567382803
674,17,37,True,2846.0,2995.0,False,23,male,5,2,8,
675,17,38,True,1028.0,797.0,True,23,male,5,2,4,0.19203041941754695
676,17,39,True,1306.0,1053.0,True,23,male,6,3,4,0.06790933494373781
677,17,40,True,3538.0,908.0,False,23,male,8,7,2,
678,17,41,True,2261.0,918.0,False,23,male,18,13,5,
679,17,42,False,2527.0,1046.0,True,23,male,5,3,8,0.13581856204156473
680,17,43,True,4594.0,1616.0,True,23,male,16,8,9,0.12506303613281247
681,17,44,False,5502.0,1639.0,True,23,male,5,4,7,0.23060029333333337
682,17,45,True,732.0,841.0,True,23,male,9,4,4,0.07582185638142522
683,17,46,True,743.0,749.0,True,23,male,7,3,4,0.08358820003531073
684,17,47,True,1611.0,709.0,False,23,male,2,2,7,
685,17,48,False,1494.0,3566.0,False,23,male,3,2,12,
686,17,49,True,2183.0,2210.0,False,23,male,4,2,5,
687,17,50,True,2965.0,3916.0,False,23,male,5,2,12,
688,17,51,True,2472.0,3293.0,False,23,male,17,6,12,
689,17,52,True,1629.0,670.0,False,23,male,6,2,2,
690,17,53,True,3234.0,831.0,True,23,male,3,2,4,0.1788240727968096
691,17,54,True,2043.0,1137.0,False,23,male,5,2,11,
692,17,55,True,6781.0,2524.0,True,23,male,24,8,9,0.06307643112470518
693,17,56,True,1487.0,636.0,False,23,male,6,3,2,
694,17,57,True,4053.0,4852.0,True,23,male,7,2,11,0.051636123276115005
695,17,58,True,1263.0,1378.0,False,23,male,3,3,8,
696,17,59,True,1171.0,708.0,True,23,male,6,3,8,0.03906984252354788
697,17,60,True,2049.0,2451.0,False,23,male,4,4,12,
698,17,61,True,2962.0,1371.0,False,23,male,5,4,10,
699,17,62,True,854.0,1365.0,True,23,male,9,4,8,0.2083508837890625
700,17,63,False,2886.0,2811.0,False,23,male,11,2,15,
701,17,64,True,2985.0,1087.0,False,23,male,20,9,6,
702,17,65,True,1073.0,1181.0,False,23,male,4,2,11,
703,17,66,True,581.0,644.0,True,23,male,5,3,5,0.24814582480000003
704,17,67,True,978.0,583.0,True,23,male,12,8,8,0.17004618522135412
705,17,68,True,1338.0,1439.0,False,23,male,10,3,7,
706,17,69,True,3928.0,2340.0,False,23,male,11,10,12,
707,17,70,True,1331.0,3700.0,False,23,male,12,2,14,
708,17,71,False,1290.0,1908.0,False,23,male,7,4,8,
709,17,73,False,3142.0,690.0,True,23,male,6,3,2,0.04552086101541994
710,17,74,True,1848.0,4168.0,True,23,male,9,7,10,0.042352121267564394
711,17,75,False,4678.0,2220.0,False,23,male,5,5,7,
712,17,76,True,1229.0,769.0,True,23,male,7,3,5,0.14747116746115818
713,17,77,True,1618.0,1899.0,True,23,male,3,2,8,0.07533957112630209
714,17,78,True,3754.0,988.0,False,23,male,10,8,7,
715,17,79,True,1574.0,3438.0,False,23,male,10,5,12,
716,17,80,True,962.0,646.0,True,23,male,4,2,2,0.22994266009221312
717,17,81,True,3720.0,1285.0,False,23,male,12,11,8,
718,17,82,True,746.0,578.0,True,23,male,5,2,4,0.05136393662177986
719,17,83,True,865.0,2015.0,False,23,male,15,12,10,
720,17,84,True,1355.0,638.0,True,23,male,5,2,5,0.07433707447562357
721,17,85,True,1139.0,2404.0,True,23,male,7,2,10,0.10330699055989583
722,17,86,True,1615.0,3164.0,False,23,male,13,6,9,
723,17,87,True,2509.0,1690.0,True,23,male,13,11,12,0.18816536738875886
724,17,88,True,1723.0,1035.0,False,23,male,12,4,5,
725,17,89,True,861.0,1031.0,True,23,male,15,13,5,0.08290406726726725
726,17,90,True,2022.0,1443.0,False,23,male,2,1,9,
727,17,91,True,893.0,1100.0,True,23,male,7,3,8,0.24057339249121773
728,17,92,True,2547.0,698.0,False,23,male,8,7,2,
729,17,93,False,3178.0,1485.0,False,23,male,16,10,6,
730,17,94,True,2100.0,943.0,False,23,male,15,11,3,
731,17,95,False,5019.0,3465.0,True,23,male,16,5,14,0.04280135349264706
732,17,96,True,2074.0,1522.0,True,23,male,13,4,8,0.0455782176724138
733,17,97,True,4576.0,2011.0,False,23,male,9,8,5,
734,17,98,True,1842.0,1846.0,False,23,male,9,3,7,
735,17,99,True,2094.0,654.0,True,23,male,7,4,4,0.09411799454771663
736,18,0,False,688.0,874.0,True,23,male,6,2,6,0.07933554077148436
737,18,1,True,851.0,572.0,True,23,male,4,2,4,0.16137969481850117
738,18,2,False,1802.0,693.0,True,23,male,7,6,3,0.05680589225260416
739,18,3,True,1295.0,646.0,True,23,male,7,5,6,0.05593743021051255
740,18,4,True,1845.0,711.0,True,23,male,10,5,3,0.09158368141138498
741,18,5,True,842.0,1097.0,True,23,male,3,2,4,0.05937824465224667
742,18,6,True,2421.0,3154.0,True,23,male,33,9,9,0.0558711852737467
743,18,7,True,2793.0,2270.0,False,23,male,13,12,10,
744,18,8,True,2838.0,717.0,False,23,male,3,2,3,
745,18,9,True,1911.0,2644.0,False,23,male,6,3,8,
746,18,10,True,3741.0,1783.0,True,23,male,23,12,8,0.047453544319705096
747,18,11,True,2403.0,856.0,False,23,male,9,3,4,
748,18,12,True,1496.0,758.0,False,23,male,16,14,3,
749,18,13,True,2050.0,760.0,True,23,male,4,3,3,0.12236929339871193
750,18,14,True,692.0,1153.0,False,23,male,8,2,2,
751,18,15,True,1798.0,796.0,True,23,male,5,3,3,0.10150235234215885
752,18,16,True,1561.0,849.0,True,23,male,4,2,4,0.05243384000651042
753,18,17,True,1059.0,563.0,False,23,male,12,11,7,
754,18,18,True,928.0,500.0,False,23,male,7,4,2,
755,18,19,True,1296.0,1787.0,False,23,male,8,4,8,
756,18,20,True,3881.0,4527.0,True,23,male,19,4,13,0.06712355335771276
757,18,21,True,784.0,743.0,True,23,male,4,2,4,0.17563542583626757
758,18,22,True,769.0,901.0,True,23,male,5,2,7,0.11650467050209203
759,18,23,True,768.0,876.0,True,23,male,3,2,4,0.30480195866666654
760,18,25,True,2635.0,1744.0,True,23,male,7,4,9,0.06720385783450704
761,18,26,True,1440.0,779.0,True,23,male,11,7,6,0.16774556041422714
762,18,27,True,876.0,792.0,True,23,male,8,5,5,0.044512580729166674
763,18,28,True,1062.0,700.0,False,23,male,7,3,7,
764,18,29,True,1221.0,3917.0,True,23,male,13,11,13,0.08386176215277776
765,18,30,True,3219.0,3872.0,False,23,male,19,18,15,
766,18,31,True,2565.0,2331.0,False,23,male,8,7,8,
767,18,32,True,1603.0,998.0,True,23,male,4,2,7,0.11873057682291664
768,18,33,True,2626.0,1067.0,False,23,male,4,2,5,
769,18,34,True,2974.0,2816.0,False,23,male,4,2,11,
770,18,35,False,1737.0,636.0,True,23,male,7,2,4,0.05901558533333333
771,18,36,True,2898.0,2298.0,True,23,male,10,9,10,0.024807356567382803
772,18,37,True,3001.0,1064.0,False,23,male,5,2,8,
773,18,38,True,947.0,687.0,True,23,male,5,2,4,0.19203041941754695
774,18,39,True,1668.0,869.0,True,23,male,6,3,4,0.06790933494373781
775,18,40,True,1940.0,439.0,False,23,male,8,7,2,
776,18,41,True,3329.0,613.0,False,23,male,18,13,5,
777,18,42,True,2067.0,1440.0,True,23,male,5,3,8,0.13581856204156473
778,18,43,True,2037.0,1478.0,True,23,male,16,8,9,0.12506303613281247
779,18,44,True,3115.0,1022.0,True,23,male,5,4,7,0.23060029333333337
780,18,45,True,1625.0,982.0,True,23,male,9,4,4,0.07582185638142522
781,18,46,True,1440.0,652.0,True,23,male,7,3,4,0.08358820003531073
782,18,47,True,1534.0,1398.0,False,23,male,2,2,7,
783,18,48,True,6592.0,3769.0,False,23,male,3,2,12,
784,18,49,True,2320.0,999.0,False,23,male,4,2,5,
785,18,50,True,877.0,5287.0,False,23,male,5,2,12,
786,18,51,True,1291.0,6673.0,False,23,male,17,6,12,
787,18,52,True,2196.0,576.0,False,23,male,6,2,2,
788,18,53,False,1685.0,858.0,True,23,male,3,2,4,0.1788240727968096
789,18,54,True,977.0,3037.0,False,23,male,5,2,11,
790,18,55,False,3941.0,960.0,True,23,male,24,8,9,0.06307643112470518
791,18,56,True,798.0,1992.0,False,23,male,6,3,2,
792,18,57,True,2324.0,3864.0,True,23,male,7,2,11,0.051636123276115005
793,18,58,True,948.0,1158.0,False,23,male,3,3,8,
794,18,59,True,1259.0,1997.0,True,23,male,6,3,8,0.03906984252354788
795,18,60,True,793.0,2627.0,False,23,male,4,4,12,
796,18,61,True,1368.0,1189.0,False,23,male,5,4,10,
797,18,62,True,1639.0,2283.0,True,23,male,9,4,8,0.2083508837890625
798,18,63,True,1959.0,4238.0,False,23,male,11,2,15,
799,18,64,True,1443.0,1318.0,False,23,male,20,9,6,
800,18,65,True,681.0,1391.0,False,23,male,4,2,11,
801,18,66,True,1382.0,1243.0,True,23,male,5,3,5,0.24814582480000003
802,18,67,True,968.0,1551.0,True,23,male,12,8,8,0.17004618522135412
803,18,68,True,2082.0,1111.0,False,23,male,10,3,7,
804,18,69,True,4191.0,4091.0,False,23,male,11,10,12,
805,18,70,False,3246.0,5229.0,False,23,male,12,2,14,
806,18,71,True,3116.0,2822.0,False,23,male,7,4,8,
807,18,72,True,1622.0,9978.0,False,23,male,3,2,20,
808,18,73,False,2469.0,1527.0,True,23,male,6,3,2,0.04552086101541994
809,18,74,True,1965.0,3378.0,True,23,male,9,7,10,0.042352121267564394
810,18,75,False,2071.0,1244.0,False,23,male,5,5,7,
811,18,76,True,1177.0,1223.0,True,23,male,7,3,5,0.14747116746115818
812,18,77,True,1578.0,2518.0,True,23,male,3,2,8,0.07533957112630209
813,18,78,True,3803.0,952.0,False,23,male,10,8,7,
814,18,79,True,3523.0,3430.0,False,23,male,10,5,12,
815,18,80,True,821.0,589.0,True,23,male,4,2,2,0.22994266009221312
816,18,81,False,3585.0,1376.0,False,23,male,12,11,8,
817,18,82,True,838.0,930.0,True,23,male,5,2,4,0.05136393662177986
818,18,83,True,1030.0,1632.0,False,23,male,15,12,10,
819,18,84,True,1200.0,1056.0,True,23,male,5,2,5,0.07433707447562357
820,18,85,True,1184.0,2540.0,True,23,male,7,2,10,0.10330699055989583
821,18,86,True,1767.0,2167.0,False,23,male,13,6,9,
822,18,87,True,1796.0,3985.0,True,23,male,13,11,12,0.18816536738875886
823,18,88,True,1105.0,806.0,False,23,male,12,4,5,
824,18,89,True,817.0,614.0,True,23,male,15,13,5,0.08290406726726725
825,18,90,True,2967.0,6255.0,False,23,male,2,1,9,
826,18,91,True,1740.0,2421.0,True,23,male,7,3,8,0.24057339249121773
827,18,92,True,2699.0,583.0,False,23,male,8,7,2,
828,18,93,False,3574.0,1885.0,False,23,male,16,10,6,
829,18,94,True,1688.0,1892.0,False,23,male,15,11,3,
830,18,95,True,1638.0,2385.0,True,23,male,16,5,14,0.04280135349264706
831,18,96,True,1438.0,1623.0,True,23,male,13,4,8,0.0455782176724138
832,18,97,True,930.0,784.0,False,23,male,9,8,5,
833,18,98,True,2891.0,2182.0,False,23,male,9,3,7,
834,18,99,True,4037.0,849.0,True,23,male,7,4,4,0.09411799454771663
835,19,0,True,1174.0,1113.0,True,23,male,6,2,6,0.07933554077148436
836,19,1,True,870.0,1538.0,True,23,male,4,2,4,0.16137969481850117
837,19,2,True,1077.0,1945.0,True,23,male,7,6,3,0.05680589225260416
838,19,3,True,992.0,1014.0,True,23,male,7,5,6,0.05593743021051255
839,19,4,True,1437.0,1526.0,True,23,male,10,5,3,0.09158368141138498
840,19,5,True,810.0,933.0,True,23,male,3,2,4,0.05937824465224667
841,19,6,True,3935.0,4947.0,True,23,male,33,9,9,0.0558711852737467
842,19,7,True,1789.0,1433.0,False,23,male,13,12,10,
843,19,8,True,2046.0,840.0,False,23,male,3,2,3,
844,19,9,True,1734.0,2374.0,False,23,male,6,3,8,
845,19,10,True,4524.0,999.0,True,23,male,23,12,8,0.047453544319705096
846,19,11,True,973.0,913.0,False,23,male,9,3,4,
847,19,12,True,1183.0,697.0,False,23,male,16,14,3,
848,19,13,True,1269.0,593.0,True,23,male,4,3,3,0.12236929339871193
849,19,14,True,1192.0,871.0,False,23,male,8,2,2,
850,19,15,True,1078.0,748.0,True,23,male,5,3,3,0.10150235234215885
851,19,16,True,938.0,1127.0,True,23,male,4,2,4,0.05243384000651042
852,19,17,True,1014.0,1057.0,False,23,male,12,11,7,
853,19,18,True,1097.0,668.0,False,23,male,7,4,2,
854,19,19,True,1295.0,1044.0,False,23,male,8,4,8,
855,19,20,True,2973.0,2152.0,True,23,male,19,4,13,0.06712355335771276
856,19,21,True,960.0,928.0,True,23,male,4,2,4,0.17563542583626757
857,19,22,True,1178.0,1358.0,True,23,male,5,2,7,0.11650467050209203
858,19,23,True,732.0,966.0,True,23,male,3,2,4,0.30480195866666654
859,19,24,True,3996.0,6276.0,False,23,male,7,4,21,
860,19,25,True,2055.0,1245.0,True,23,male,7,4,9,0.06720385783450704
861,19,26,True,1378.0,932.0,True,23,male,11,7,6,0.16774556041422714
862,19,27,True,879.0,856.0,True,23,male,8,5,5,0.044512580729166674
863,19,28,True,949.0,926.0,False,23,male,7,3,7,
864,19,29,True,1715.0,3164.0,True,23,male,13,11,13,0.08386176215277776
865,19,30,True,2740.0,3396.0,False,23,male,19,18,15,
866,19,31,True,901.0,1593.0,False,23,male,8,7,8,
867,19,32,True,1352.0,1097.0,True,23,male,4,2,7,0.11873057682291664
868,19,33,True,829.0,782.0,False,23,male,4,2,5,
869,19,34,True,964.0,1989.0,False,23,male,4,2,11,
870,19,35,False,2218.0,661.0,True,23,male,7,2,4,0.05901558533333333
871,19,36,True,2101.0,2073.0,True,23,male,10,9,10,0.024807356567382803
872,19,37,True,1747.0,1544.0,False,23,male,5,2,8,
873,19,38,True,1172.0,734.0,True,23,male,5,2,4,0.19203041941754695
874,19,39,True,1010.0,804.0,True,23,male,6,3,4,0.06790933494373781
875,19,40,True,1397.0,1081.0,False,23,male,8,7,2,
876,19,41,False,3566.0,1287.0,False,23,male,18,13,5,
877,19,42,False,1221.0,1504.0,True,23,male,5,3,8,0.13581856204156473
878,19,43,True,2065.0,2132.0,True,23,male,16,8,9,0.12506303613281247
879,19,44,True,1190.0,849.0,True,23,male,5,4,7,0.23060029333333337
880,19,45,True,959.0,833.0,True,23,male,9,4,4,0.07582185638142522
881,19,46,True,1020.0,725.0,True,23,male,7,3,4,0.08358820003531073
882,19,47,True,1561.0,801.0,False,23,male,2,2,7,
883,19,48,True,2542.0,1045.0,False,23,male,3,2,12,
884,19,49,True,2318.0,996.0,False,23,male,4,2,5,
885,19,50,True,1328.0,1780.0,False,23,male,5,2,12,
886,19,51,True,1160.0,2215.0,False,23,male,17,6,12,
887,19,52,True,1101.0,590.0,False,23,male,6,2,2,
888,19,53,True,1135.0,609.0,True,23,male,3,2,4,0.1788240727968096
889,19,54,True,827.0,1108.0,False,23,male,5,2,11,
890,19,55,True,1951.0,1444.0,True,23,male,24,8,9,0.06307643112470518
891,19,56,True,630.0,730.0,False,23,male,6,3,2,
892,19,57,True,2372.0,6383.0,True,23,male,7,2,11,0.051636123276115005
893,19,58,True,684.0,982.0,False,23,male,3,3,8,
894,19,59,True,1392.0,818.0,True,23,male,6,3,8,0.03906984252354788
895,19,60,True,1358.0,1787.0,False,23,male,4,4,12,
896,19,61,True,837.0,862.0,False,23,male,5,4,10,
897,19,62,True,1120.0,818.0,True,23,male,9,4,8,0.2083508837890625
898,19,63,True,2059.0,1910.0,False,23,male,11,2,15,
899,19,64,True,976.0,733.0,False,23,male,20,9,6,
900,19,65,True,1334.0,1252.0,False,23,male,4,2,11,
901,19,66,True,1009.0,618.0,True,23,male,5,3,5,0.24814582480000003
902,19,67,True,1143.0,911.0,True,23,male,12,8,8,0.17004618522135412
903,19,68,False,2743.0,1038.0,False,23,male,10,3,7,
904,19,69,True,2140.0,2337.0,False,23,male,11,10,12,
905,19,70,True,1610.0,2878.0,False,23,male,12,2,14,
906,19,71,False,2831.0,1001.0,False,23,male,7,4,8,
907,19,73,False,1307.0,1672.0,True,23,male,6,3,2,0.04552086101541994
908,19,74,True,4295.0,3067.0,True,23,male,9,7,10,0.042352121267564394
909,19,75,False,3653.0,1129.0,False,23,male,5,5,7,
910,19,76,True,1240.0,1074.0,True,23,male,7,3,5,0.14747116746115818
911,19,77,True,1444.0,3243.0,True,23,male,3,2,8,0.07533957112630209
912,19,78,True,1250.0,968.0,False,23,male,10,8,7,
913,19,79,True,2792.0,3488.0,False,23,male,10,5,12,
914,19,80,True,971.0,728.0,True,23,male,4,2,2,0.22994266009221312
915,19,81,False,2522.0,1136.0,False,23,male,12,11,8,
916,19,82,True,884.0,731.0,True,23,male,5,2,4,0.05136393662177986
917,19,83,True,674.0,2053.0,False,23,male,15,12,10,
918,19,84,True,1003.0,925.0,True,23,male,5,2,5,0.07433707447562357
919,19,85,True,1441.0,2338.0,True,23,male,7,2,10,0.10330699055989583
920,19,86,True,911.0,1138.0,False,23,male,13,6,9,
921,19,87,True,1845.0,3049.0,True,23,male,13,11,12,0.18816536738875886
922,19,88,True,1405.0,1799.0,False,23,male,12,4,5,
923,19,89,True,1404.0,1097.0,True,23,male,15,13,5,0.08290406726726725
924,19,90,True,1111.0,1111.0,False,23,male,2,1,9,
925,19,91,True,1107.0,1542.0,True,23,male,7,3,8,0.24057339249121773
926,19,92,True,1173.0,1053.0,False,23,male,8,7,2,
927,19,93,False,3472.0,1293.0,False,23,male,16,10,6,
928,19,94,True,1074.0,732.0,False,23,male,15,11,3,
929,19,95,True,1795.0,1864.0,True,23,male,16,5,14,0.04280135349264706
930,19,96,True,1465.0,1211.0,True,23,male,13,4,8,0.0455782176724138
931,19,97,True,2236.0,1302.0,False,23,male,9,8,5,
932,19,98,True,920.0,735.0,False,23,male,9,3,7,
933,19,99,True,1786.0,772.0,True,23,male,7,4,4,0.09411799454771663
934,20,0,False,2462.0,3372.0,True,24,male,6,2,6,0.07933554077148436
935,20,1,True,991.0,1217.0,True,24,male,4,2,4,0.16137969481850117
936,20,2,False,1581.0,1034.0,True,24,male,7,6,3,0.05680589225260416
937,20,3,True,1275.0,920.0,True,24,male,7,5,6,0.05593743021051255
938,20,4,True,962.0,792.0,True,24,male,10,5,3,0.09158368141138498
939,20,5,True,1279.0,575.0,True,24,male,3,2,4,0.05937824465224667
940,20,6,True,3051.0,1590.0,True,24,male,33,9,9,0.0558711852737467
941,20,7,True,9470.0,1189.0,False,24,male,13,12,10,
942,20,8,True,1303.0,1049.0,False,24,male,3,2,3,
943,20,9,True,1654.0,1188.0,False,24,male,6,3,8,
944,20,10,True,2347.0,1048.0,True,24,male,23,12,8,0.047453544319705096
945,20,11,True,1432.0,513.0,False,24,male,9,3,4,
946,20,12,True,948.0,607.0,False,24,male,16,14,3,
947,20,13,True,1429.0,788.0,True,24,male,4,3,3,0.12236929339871193
948,20,14,True,1520.0,338.0,False,24,male,8,2,2,
949,20,15,False,3352.0,580.0,True,24,male,5,3,3,0.10150235234215885
950,20,16,True,1116.0,497.0,True,24,male,4,2,4,0.05243384000651042
951,20,17,True,4511.0,618.0,False,24,male,12,11,7,
952,20,18,True,3490.0,1324.0,False,24,male,7,4,2,
953,20,19,True,869.0,898.0,False,24,male,8,4,8,
954,20,20,False,2201.0,1498.0,True,24,male,19,4,13,0.06712355335771276
955,20,21,True,824.0,742.0,True,24,male,4,2,4,0.17563542583626757
956,20,22,True,860.0,583.0,True,24,male,5,2,7,0.11650467050209203
957,20,23,True,756.0,732.0,True,24,male,3,2,4,0.30480195866666654
958,20,24,True,6841.0,5072.0,False,24,male,7,4,21,
959,20,25,True,3045.0,1223.0,True,24,male,7,4,9,0.06720385783450704
960,20,26,True,1088.0,617.0,True,24,male,11,7,6,0.16774556041422714
961,20,27,True,1029.0,908.0,True,24,male,8,5,5,0.044512580729166674
962,20,28,True,1479.0,838.0,False,24,male,7,3,7,
963,20,29,True,1734.0,2011.0,True,24,male,13,11,13,0.08386176215277776
964,20,30,True,1484.0,563.0,False,24,male,19,18,15,
965,20,31,True,852.0,759.0,False,24,male,8,7,8,
966,20,32,True,1050.0,536.0,True,24,male,4,2,7,0.11873057682291664
967,20,33,True,1119.0,653.0,False,24,male,4,2,5,
968,20,34,True,1132.0,632.0,False,24,male,4,2,11,
969,20,35,True,2483.0,620.0,True,24,male,7,2,4,0.05901558533333333
970,20,36,True,1618.0,1025.0,True,24,male,10,9,10,0.024807356567382803
971,20,37,True,1947.0,476.0,False,24,male,5,2,8,
972,20,38,True,1974.0,528.0,True,24,male,5,2,4,0.19203041941754695
973,20,39,True,847.0,906.0,True,24,male,6,3,4,0.06790933494373781
974,20,40,True,1619.0,586.0,False,24,male,8,7,2,
975,20,41,False,7579.0,582.0,False,24,male,18,13,5,
976,20,42,True,1947.0,609.0,True,24,male,5,3,8,0.13581856204156473
977,20,43,True,1505.0,511.0,True,24,male,16,8,9,0.12506303613281247
978,20,44,True,1078.0,805.0,True,24,male,5,4,7,0.23060029333333337
979,20,45,False,1679.0,1219.0,True,24,male,9,4,4,0.07582185638142522
980,20,46,True,864.0,579.0,True,24,male,7,3,4,0.08358820003531073
981,20,47,True,2001.0,593.0,False,24,male,2,2,7,
982,20,48,True,2205.0,1254.0,False,24,male,3,2,12,
983,20,49,True,1362.0,526.0,False,24,male,4,2,5,
984,20,50,True,828.0,751.0,False,24,male,5,2,12,
985,20,51,True,863.0,939.0,False,24,male,17,6,12,
986,20,52,True,1278.0,711.0,False,24,male,6,2,2,
987,20,53,True,1100.0,546.0,True,24,male,3,2,4,0.1788240727968096
988,20,54,True,885.0,799.0,False,24,male,5,2,11,
989,20,55,True,4958.0,573.0,True,24,male,24,8,9,0.06307643112470518
990,20,56,True,755.0,575.0,False,24,male,6,3,2,
991,20,57,True,1811.0,644.0,True,24,male,7,2,11,0.051636123276115005
992,20,58,True,804.0,431.0,False,24,male,3,3,8,
993,20,59,True,1262.0,636.0,True,24,male,6,3,8,0.03906984252354788
994,20,60,True,2134.0,630.0,False,24,male,4,4,12,
995,20,61,True,1368.0,1853.0,False,24,male,5,4,10,
996,20,62,True,918.0,692.0,True,24,male,9,4,8,0.2083508837890625
997,20,63,False,2173.0,671.0,False,24,male,11,2,15,
998,20,64,True,1013.0,783.0,False,24,male,20,9,6,
999,20,65,True,863.0,584.0,False,24,male,4,2,11,
1000,20,66,True,1983.0,909.0,True,24,male,5,3,5,0.24814582480000003
1001,20,67,True,1237.0,702.0,True,24,male,12,8,8,0.17004618522135412
1002,20,68,False,1089.0,496.0,False,24,male,10,3,7,
1003,20,69,True,1229.0,901.0,False,24,male,11,10,12,
1004,20,70,False,1300.0,642.0,False,24,male,12,2,14,
1005,20,71,True,1006.0,633.0,False,24,male,7,4,8,
1006,20,72,True,845.0,1785.0,False,24,male,3,2,20,
1007,20,73,True,1513.0,655.0,True,24,male,6,3,2,0.04552086101541994
1008,20,74,False,3265.0,741.0,True,24,male,9,7,10,0.042352121267564394
1009,20,75,False,4606.0,892.0,False,24,male,5,5,7,
1010,20,76,True,1131.0,1025.0,True,24,male,7,3,5,0.14747116746115818
1011,20,77,True,2328.0,606.0,True,24,male,3,2,8,0.07533957112630209
1012,20,78,True,3285.0,465.0,False,24,male,10,8,7,
1013,20,79,False,2460.0,599.0,False,24,male,10,5,12,
1014,20,80,True,886.0,539.0,True,24,male,4,2,2,0.22994266009221312
1015,20,81,False,2255.0,450.0,False,24,male,12,11,8,
1016,20,82,True,1397.0,593.0,True,24,male,5,2,4,0.05136393662177986
1017,20,83,True,800.0,612.0,False,24,male,15,12,10,
1018,20,84,True,894.0,586.0,True,24,male,5,2,5,0.07433707447562357
1019,20,85,False,1998.0,848.0,True,24,male,7,2,10,0.10330699055989583
1020,20,86,True,1355.0,556.0,False,24,male,13,6,9,
1021,20,87,True,1412.0,802.0,True,24,male,13,11,12,0.18816536738875886
1022,20,88,True,809.0,837.0,False,24,male,12,4,5,
1023,20,89,True,861.0,499.0,True,24,male,15,13,5,0.08290406726726725
1024,20,90,True,2593.0,653.0,False,24,male,2,1,9,
1025,20,91,False,1016.0,582.0,True,24,male,7,3,8,0.24057339249121773
1026,20,92,True,1038.0,552.0,False,24,male,8,7,2,
1027,20,93,False,5197.0,1652.0,False,24,male,16,10,6,
1028,20,94,True,2395.0,547.0,False,24,male,15,11,3,
1029,20,95,True,2529.0,1144.0,True,24,male,16,5,14,0.04280135349264706
1030,20,96,False,1177.0,830.0,True,24,male,13,4,8,0.0455782176724138
1031,20,97,True,920.0,607.0,False,24,male,9,8,5,
1032,20,98,True,1103.0,498.0,False,24,male,9,3,7,
1033,20,99,True,2568.0,563.0,True,24,male,7,4,4,0.09411799454771663
1034,21,0,True,913.0,3824.0,True,23,male,6,2,6,0.07933554077148436
1035,21,1,True,944.0,731.0,True,23,male,4,2,4,0.16137969481850117
1036,21,2,True,1467.0,459.0,True,23,male,7,6,3,0.05680589225260416
1037,21,3,True,1147.0,493.0,True,23,male,7,5,6,0.05593743021051255
1038,21,4,True,1320.0,867.0,True,23,male,10,5,3,0.09158368141138498
1039,21,5,True,780.0,596.0,True,23,male,3,2,4,0.05937824465224667
1040,21,6,True,1399.0,659.0,True,23,male,33,9,9,0.0558711852737467
1041,21,7,True,1738.0,727.0,False,23,male,13,12,10,
1042,21,8,True,1378.0,1028.0,False,23,male,3,2,3,
1043,21,9,True,1039.0,682.0,False,23,male,6,3,8,
1044,21,10,True,1429.0,440.0,True,23,male,23,12,8,0.047453544319705096
1045,21,11,True,972.0,247.0,False,23,male,9,3,4,
1046,21,12,True,846.0,558.0,False,23,male,16,14,3,
1047,21,13,True,1449.0,267.0,True,23,male,4,3,3,0.12236929339871193
1048,21,14,True,1101.0,684.0,False,23,male,8,2,2,
1049,21,15,True,1031.0,501.0,True,23,male,5,3,3,0.10150235234215885
1050,21,16,True,1057.0,662.0,True,23,male,4,2,4,0.05243384000651042
1051,21,17,True,1222.0,1657.0,False,23,male,12,11,7,
1052,21,18,True,1121.0,485.0,False,23,male,7,4,2,
1053,21,19,True,1323.0,503.0,False,23,male,8,4,8,
1054,21,20,True,1746.0,811.0,True,23,male,19,4,13,0.06712355335771276
1055,21,21,True,778.0,477.0,True,23,male,4,2,4,0.17563542583626757
1056,21,22,True,1023.0,552.0,True,23,male,5,2,7,0.11650467050209203
1057,21,23,True,856.0,762.0,True,23,male,3,2,4,0.30480195866666654
1058,21,24,True,2856.0,295.0,False,23,male,7,4,21,
1059,21,25,True,1260.0,773.0,True,23,male,7,4,9,0.06720385783450704
1060,21,26,False,832.0,451.0,True,23,male,11,7,6,0.16774556041422714
1061,21,27,True,1171.0,650.0,True,23,male,8,5,5,0.044512580729166674
1062,21,28,True,1001.0,454.0,False,23,male,7,3,7,
1063,21,29,True,1338.0,1078.0,True,23,male,13,11,13,0.08386176215277776
1064,21,30,True,1565.0,838.0,False,23,male,19,18,15,
1065,21,31,True,1005.0,962.0,False,23,male,8,7,8,
1066,21,32,True,1180.0,615.0,True,23,male,4,2,7,0.11873057682291664
1067,21,33,True,828.0,597.0,False,23,male,4,2,5,
1068,21,34,True,1059.0,1480.0,False,23,male,4,2,11,
1069,21,35,True,2766.0,491.0,True,23,male,7,2,4,0.05901558533333333
1070,21,36,True,1815.0,935.0,True,23,male,10,9,10,0.024807356567382803
1071,21,37,True,1370.0,476.0,False,23,male,5,2,8,
1072,21,38,True,1088.0,628.0,True,23,male,5,2,4,0.19203041941754695
1073,21,39,True,1529.0,503.0,True,23,male,6,3,4,0.06790933494373781
1074,21,40,True,1007.0,416.0,False,23,male,8,7,2,
1075,21,41,True,1085.0,563.0,False,23,male,18,13,5,
1076,21,42,False,1302.0,785.0,True,23,male,5,3,8,0.13581856204156473
1077,21,43,True,2141.0,996.0,True,23,male,16,8,9,0.12506303613281247
1078,21,44,True,1459.0,776.0,True,23,male,5,4,7,0.23060029333333337
1079,21,45,True,1198.0,494.0,True,23,male,9,4,4,0.07582185638142522
1080,21,46,True,1168.0,496.0,True,23,male,7,3,4,0.08358820003531073
1081,21,47,True,2197.0,756.0,False,23,male,2,2,7,
1082,21,48,True,1643.0,891.0,False,23,male,3,2,12,
1083,21,49,True,3550.0,647.0,False,23,male,4,2,5,
1084,21,50,True,894.0,1681.0,False,23,male,5,2,12,
1085,21,51,True,652.0,3764.0,False,23,male,17,6,12,
1086,21,52,True,927.0,585.0,False,23,male,6,2,2,
1087,21,53,True,1532.0,479.0,True,23,male,3,2,4,0.1788240727968096
1088,21,54,True,973.0,413.0,False,23,male,5,2,11,
1089,21,55,True,1789.0,770.0,True,23,male,24,8,9,0.06307643112470518
1090,21,56,True,618.0,665.0,False,23,male,6,3,2,
1091,21,57,True,3158.0,781.0,True,23,male,7,2,11,0.051636123276115005
1092,21,58,True,783.0,707.0,False,23,male,3,3,8,
1093,21,59,True,2099.0,646.0,True,23,male,6,3,8,0.03906984252354788
1094,21,60,True,1996.0,440.0,False,23,male,4,4,12,
1095,21,61,True,1088.0,698.0,False,23,male,5,4,10,
1096,21,62,False,2454.0,643.0,True,23,male,9,4,8,0.2083508837890625
1097,21,63,True,1032.0,2207.0,False,23,male,11,2,15,
1098,21,64,True,1257.0,569.0,False,23,male,20,9,6,
1099,21,65,True,2200.0,885.0,False,23,male,4,2,11,
1100,21,66,True,1205.0,682.0,True,23,male,5,3,5,0.24814582480000003
1101,21,67,True,1518.0,564.0,True,23,male,12,8,8,0.17004618522135412
1102,21,68,True,2549.0,523.0,False,23,male,10,3,7,
1103,21,69,True,1553.0,2191.0,False,23,male,11,10,12,
1104,21,70,True,1313.0,1766.0,False,23,male,12,2,14,
1105,21,71,True,2648.0,688.0,False,23,male,7,4,8,
1106,21,72,True,1251.0,5062.0,False,23,male,3,2,20,
1107,21,73,True,3747.0,688.0,True,23,male,6,3,2,0.04552086101541994
1108,21,74,True,2158.0,2652.0,True,23,male,9,7,10,0.042352121267564394
1109,21,75,True,6067.0,808.0,False,23,male,5,5,7,
1110,21,76,True,1448.0,611.0,True,23,male,7,3,5,0.14747116746115818
1111,21,77,True,1388.0,586.0,True,23,male,3,2,8,0.07533957112630209
1112,21,78,True,2677.0,727.0,False,23,male,10,8,7,
1113,21,79,True,1896.0,1591.0,False,23,male,10,5,12,
1114,21,80,True,901.0,699.0,True,23,male,4,2,2,0.22994266009221312
1115,21,81,True,2782.0,496.0,False,23,male,12,11,8,
1116,21,82,True,1217.0,781.0,True,23,male,5,2,4,0.05136393662177986
1117,21,83,True,845.0,841.0,False,23,male,15,12,10,
1118,21,84,True,1472.0,555.0,True,23,male,5,2,5,0.07433707447562357
1119,21,85,True,1095.0,918.0,True,23,male,7,2,10,0.10330699055989583
1120,21,86,True,1624.0,504.0,False,23,male,13,6,9,
1121,21,87,True,2062.0,1285.0,True,23,male,13,11,12,0.18816536738875886
1122,21,88,True,1132.0,464.0,False,23,male,12,4,5,
1123,21,89,True,2232.0,543.0,True,23,male,15,13,5,0.08290406726726725
1124,21,90,True,774.0,520.0,False,23,male,2,1,9,
1125,21,91,True,1102.0,1046.0,True,23,male,7,3,8,0.24057339249121773
1126,21,92,True,1842.0,526.0,False,23,male,8,7,2,
1127,21,93,True,1119.0,691.0,False,23,male,16,10,6,
1128,21,94,True,920.0,671.0,False,23,male,15,11,3,
1129,21,95,True,2263.0,2220.0,True,23,male,16,5,14,0.04280135349264706
1130,21,96,True,2479.0,1889.0,True,23,male,13,4,8,0.0455782176724138
1131,21,97,True,814.0,723.0,False,23,male,9,8,5,
1132,21,98,True,948.0,688.0,False,23,male,9,3,7,
1133,21,99,True,2536.0,555.0,True,23,male,7,4,4,0.09411799454771663
1134,22,0,True,1885.0,1061.0,True,23,male,6,2,6,0.07933554077148436
1135,22,1,True,891.0,1101.0,True,23,male,4,2,4,0.16137969481850117
1136,22,2,True,1840.0,933.0,True,23,male,7,6,3,0.05680589225260416
1137,22,3,True,1427.0,1009.0,True,23,male,7,5,6,0.05593743021051255
1138,22,4,True,1099.0,884.0,True,23,male,10,5,3,0.09158368141138498
1139,22,5,True,1190.0,803.0,True,23,male,3,2,4,0.05937824465224667
1140,22,6,False,4830.0,903.0,True,23,male,33,9,9,0.0558711852737467
1141,22,7,True,4609.0,880.0,False,23,male,13,12,10,
1142,22,8,True,3362.0,823.0,False,23,male,3,2,3,
1143,22,9,True,1505.0,960.0,False,23,male,6,3,8,
1144,22,10,True,5415.0,773.0,True,23,male,23,12,8,0.047453544319705096
1145,22,11,True,1515.0,904.0,False,23,male,9,3,4,
1146,22,12,True,1126.0,746.0,False,23,male,16,14,3,
1147,22,13,True,1666.0,774.0,True,23,male,4,3,3,0.12236929339871193
1148,22,14,True,1857.0,840.0,False,23,male,8,2,2,
1149,22,15,True,2171.0,706.0,True,23,male,5,3,3,0.10150235234215885
1150,22,16,False,1009.0,745.0,True,23,male,4,2,4,0.05243384000651042
1151,22,17,True,1408.0,736.0,False,23,male,12,11,7,
1152,22,18,True,2751.0,725.0,False,23,male,7,4,2,
1153,22,19,True,8286.0,1006.0,False,23,male,8,4,8,
1154,22,20,False,2509.0,891.0,True,23,male,19,4,13,0.06712355335771276
1155,22,21,True,1315.0,710.0,True,23,male,4,2,4,0.17563542583626757
1156,22,22,False,1777.0,777.0,True,23,male,5,2,7,0.11650467050209203
1157,22,23,True,1429.0,1024.0,True,23,male,3,2,4,0.30480195866666654
1158,22,24,False,1542.0,734.0,False,23,male,7,4,21,
1159,22,25,True,2091.0,734.0,True,23,male,7,4,9,0.06720385783450704
1160,22,26,True,1604.0,947.0,True,23,male,11,7,6,0.16774556041422714
1161,22,27,True,1020.0,722.0,True,23,male,8,5,5,0.044512580729166674
1162,22,28,True,1073.0,797.0,False,23,male,7,3,7,
1163,22,29,True,1266.0,789.0,True,23,male,13,11,13,0.08386176215277776
1164,22,30,True,4969.0,1041.0,False,23,male,19,18,15,
1165,22,31,True,2101.0,763.0,False,23,male,8,7,8,
1166,22,32,True,775.0,808.0,True,23,male,4,2,7,0.11873057682291664
1167,22,33,True,1210.0,734.0,False,23,male,4,2,5,
1168,22,34,True,2632.0,769.0,False,23,male,4,2,11,
1169,22,35,True,1527.0,860.0,True,23,male,7,2,4,0.05901558533333333
1170,22,36,True,1572.0,946.0,True,23,male,10,9,10,0.024807356567382803
1171,22,37,True,2075.0,753.0,False,23,male,5,2,8,
1172,22,38,True,1758.0,731.0,True,23,male,5,2,4,0.19203041941754695
1173,22,39,True,921.0,680.0,True,23,male,6,3,4,0.06790933494373781
1174,22,40,True,1327.0,653.0,False,23,male,8,7,2,
1175,22,41,False,4489.0,779.0,False,23,male,18,13,5,
1176,22,42,False,751.0,782.0,True,23,male,5,3,8,0.13581856204156473
1177,22,43,True,868.0,668.0,True,23,male,16,8,9,0.12506303613281247
1178,22,44,True,1168.0,838.0,True,23,male,5,4,7,0.23060029333333337
1179,22,45,True,797.0,890.0,True,23,male,9,4,4,0.07582185638142522
1180,22,46,True,672.0,632.0,True,23,male,7,3,4,0.08358820003531073
1181,22,47,True,3464.0,756.0,False,23,male,2,2,7,
1182,22,48,True,1579.0,843.0,False,23,male,3,2,12,
1183,22,49,True,1715.0,795.0,False,23,male,4,2,5,
1184,22,50,True,2362.0,951.0,False,23,male,5,2,12,
1185,22,51,True,1256.0,1585.0,False,23,male,17,6,12,
1186,22,52,True,2400.0,599.0,False,23,male,6,2,2,
1187,22,53,True,942.0,800.0,True,23,male,3,2,4,0.1788240727968096
1188,22,54,True,1235.0,845.0,False,23,male,5,2,11,
1189,22,55,True,1126.0,541.0,True,23,male,24,8,9,0.06307643112470518
1190,22,56,True,988.0,666.0,False,23,male,6,3,2,
1191,22,57,False,2161.0,1650.0,True,23,male,7,2,11,0.051636123276115005
1192,22,58,True,1295.0,726.0,False,23,male,3,3,8,
1193,22,59,True,1068.0,720.0,True,23,male,6,3,8,0.03906984252354788
1194,22,60,True,1644.0,1402.0,False,23,male,4,4,12,
1195,22,61,True,2551.0,667.0,False,23,male,5,4,10,
1196,22,62,True,855.0,668.0,True,23,male,9,4,8,0.2083508837890625
1197,23,0,True,1164.0,862.0,True,22,male,6,2,6,0.07933554077148436
1198,23,1,True,1232.0,1541.0,True,22,male,4,2,4,0.16137969481850117
1199,23,2,True,1066.0,1042.0,True,22,male,7,6,3,0.05680589225260416
1200,23,3,True,1104.0,1570.0,True,22,male,7,5,6,0.05593743021051255
1201,23,4,True,2695.0,938.0,True,22,male,10,5,3,0.09158368141138498
1202,23,5,True,1068.0,904.0,True,22,male,3,2,4,0.05937824465224667
1203,23,6,False,6865.0,4050.0,True,22,male,33,9,9,0.0558711852737467
1204,23,7,True,8319.0,2336.0,False,22,male,13,12,10,
1205,23,8,True,2786.0,1659.0,False,22,male,3,2,3,
1206,23,9,True,3047.0,2010.0,False,22,male,6,3,8,
1207,23,10,True,4068.0,2026.0,True,22,male,23,12,8,0.047453544319705096
1208,23,11,True,1822.0,2244.0,False,22,male,9,3,4,
1209,23,12,True,2031.0,773.0,False,22,male,16,14,3,
1210,23,13,True,1790.0,873.0,True,22,male,4,3,3,0.12236929339871193
1211,23,14,True,1144.0,794.0,False,22,male,8,2,2,
1212,23,15,True,1449.0,1031.0,True,22,male,5,3,3,0.10150235234215885
1213,23,16,True,1311.0,768.0,True,22,male,4,2,4,0.05243384000651042
1214,23,17,True,1589.0,1074.0,False,22,male,12,11,7,
1215,23,18,True,2285.0,806.0,False,22,male,7,4,2,
1216,23,19,True,2690.0,1181.0,False,22,male,8,4,8,
1217,23,20,True,7529.0,2355.0,True,22,male,19,4,13,0.06712355335771276
1218,23,21,True,708.0,1195.0,True,22,male,4,2,4,0.17563542583626757
1219,23,23,True,683.0,832.0,True,22,male,3,2,4,0.30480195866666654
1220,23,24,False,9016.0,7112.0,False,22,male,7,4,21,
1221,23,25,True,2842.0,1189.0,True,22,male,7,4,9,0.06720385783450704
1222,23,26,True,1163.0,1701.0,True,22,male,11,7,6,0.16774556041422714
1223,23,27,True,1009.0,998.0,True,22,male,8,5,5,0.044512580729166674
1224,23,28,True,1133.0,1061.0,False,22,male,7,3,7,
1225,23,29,True,7003.0,3871.0,True,22,male,13,11,13,0.08386176215277776
1226,23,30,True,3283.0,5398.0,False,22,male,19,18,15,
1227,23,31,True,1474.0,2488.0,False,22,male,8,7,8,
1228,23,32,True,1298.0,1129.0,True,22,male,4,2,7,0.11873057682291664
1229,23,33,True,1026.0,866.0,False,22,male,4,2,5,
1230,23,34,True,2476.0,2384.0,False,22,male,4,2,11,
1231,23,35,True,1380.0,888.0,True,22,male,7,2,4,0.05901558533333333
1232,23,36,True,2936.0,2456.0,True,22,male,10,9,10,0.024807356567382803
1233,23,37,True,2486.0,2016.0,False,22,male,5,2,8,
1234,23,38,True,1714.0,1143.0,True,22,male,5,2,4,0.19203041941754695
1235,23,39,True,1152.0,1403.0,True,22,male,6,3,4,0.06790933494373781
1236,23,40,True,1536.0,974.0,False,22,male,8,7,2,
1237,23,41,True,8565.0,1127.0,False,22,male,18,13,5,
1238,23,42,False,1055.0,1823.0,True,22,male,5,3,8,0.13581856204156473
1239,23,43,True,3114.0,2894.0,True,22,male,16,8,9,0.12506303613281247
1240,23,44,True,4535.0,1399.0,True,22,male,5,4,7,0.23060029333333337
1241,23,45,True,832.0,827.0,True,22,male,9,4,4,0.07582185638142522
1242,23,46,True,837.0,897.0,True,22,male,7,3,4,0.08358820003531073
1243,23,47,True,1855.0,929.0,False,22,male,2,2,7,
1244,23,48,False,1464.0,6164.0,False,22,male,3,2,12,
1245,23,49,True,4800.0,879.0,False,22,male,4,2,5,
1246,23,50,True,1269.0,6967.0,False,22,male,5,2,12,
1247,23,51,True,3455.0,2322.0,False,22,male,17,6,12,
1248,23,52,True,1335.0,862.0,False,22,male,6,2,2,
1249,23,53,True,1204.0,917.0,True,22,male,3,2,4,0.1788240727968096
1250,23,54,True,1950.0,2113.0,False,22,male,5,2,11,
1251,23,55,True,4773.0,3303.0,True,22,male,24,8,9,0.06307643112470518
1252,23,56,True,866.0,810.0,False,22,male,6,3,2,
1253,23,57,True,1690.0,7782.0,True,22,male,7,2,11,0.051636123276115005
1254,23,58,True,1189.0,3194.0,False,22,male,3,3,8,
1255,23,59,True,1045.0,1434.0,True,22,male,6,3,8,0.03906984252354788
1256,23,60,True,1459.0,2178.0,False,22,male,4,4,12,
1257,23,61,True,693.0,1077.0,False,22,male,5,4,10,
1258,23,62,True,1230.0,2683.0,True,22,male,9,4,8,0.2083508837890625
1259,23,63,True,4942.0,8749.0,False,22,male,11,2,15,
1260,23,64,True,855.0,1053.0,False,22,male,20,9,6,
1261,23,65,True,1404.0,2357.0,False,22,male,4,2,11,
1262,23,66,True,830.0,919.0,True,22,male,5,3,5,0.24814582480000003
1263,23,67,True,890.0,1042.0,True,22,male,12,8,8,0.17004618522135412
1264,23,68,False,1503.0,1450.0,False,22,male,10,3,7,
1265,23,69,True,2923.0,3736.0,False,22,male,11,10,12,
1266,23,70,True,2270.0,4007.0,False,22,male,12,2,14,
1267,23,71,True,2484.0,1726.0,False,22,male,7,4,8,
1268,23,72,True,591.0,7737.0,False,22,male,3,2,20,
1269,23,73,True,5272.0,743.0,True,22,male,6,3,2,0.04552086101541994
1270,23,74,True,2295.0,4915.0,True,22,male,9,7,10,0.042352121267564394
1271,23,75,False,5254.0,1547.0,False,22,male,5,5,7,
1272,23,76,True,1012.0,904.0,True,22,male,7,3,5,0.14747116746115818
1273,23,77,True,1246.0,2299.0,True,22,male,3,2,8,0.07533957112630209
1274,23,78,True,3040.0,2363.0,False,22,male,10,8,7,
1275,23,79,True,3617.0,3057.0,False,22,male,10,5,12,
1276,23,80,True,774.0,973.0,True,22,male,4,2,2,0.22994266009221312
1277,23,81,True,3540.0,3288.0,False,22,male,12,11,8,
1278,23,82,True,847.0,830.0,True,22,male,5,2,4,0.05136393662177986
1279,23,83,True,807.0,3181.0,False,22,male,15,12,10,
1280,23,84,True,936.0,962.0,True,22,male,5,2,5,0.07433707447562357
1281,23,85,True,2305.0,2246.0,True,22,male,7,2,10,0.10330699055989583
1282,23,86,True,2015.0,3104.0,False,22,male,13,6,9,
1283,23,87,True,1908.0,5781.0,True,22,male,13,11,12,0.18816536738875886
1284,23,88,True,2863.0,2270.0,False,22,male,12,4,5,
1285,23,89,True,1030.0,1132.0,True,22,male,15,13,5,0.08290406726726725
1286,23,90,True,2652.0,1399.0,False,22,male,2,1,9,
1287,23,91,True,658.0,1705.0,True,22,male,7,3,8,0.24057339249121773
1288,23,92,True,1231.0,808.0,False,22,male,8,7,2,
1289,23,93,False,2056.0,1145.0,False,22,male,16,10,6,
1290,23,94,True,1649.0,700.0,False,22,male,15,11,3,
1291,23,95,True,2520.0,4232.0,True,22,male,16,5,14,0.04280135349264706
1292,23,96,False,7210.0,1259.0,True,22,male,13,4,8,0.0455782176724138
1293,23,97,True,983.0,1107.0,False,22,male,9,8,5,
1294,23,98,True,1078.0,1996.0,False,22,male,9,3,7,
1295,23,99,True,1936.0,1765.0,True,22,male,7,4,4,0.09411799454771663
1296,24,0,True,1039.0,4156.0,True,23,male,6,2,6,0.07933554077148436
1297,24,1,True,710.0,3382.0,True,23,male,4,2,4,0.16137969481850117
1298,24,2,True,1872.0,1131.0,True,23,male,7,6,3,0.05680589225260416
1299,24,3,True,987.0,5667.0,True,23,male,7,5,6,0.05593743021051255
1300,24,4,False,1006.0,1792.0,True,23,male,10,5,3,0.09158368141138498
1301,24,5,True,511.0,982.0,True,23,male,3,2,4,0.05937824465224667
1302,24,6,True,1446.0,2652.0,True,23,male,33,9,9,0.0558711852737467
1303,24,7,True,2342.0,997.0,False,23,male,13,12,10,
1304,24,8,True,3207.0,738.0,False,23,male,3,2,3,
1305,24,9,True,968.0,1006.0,False,23,male,6,3,8,
1306,24,10,False,198.0,616.0,True,23,male,23,12,8,0.047453544319705096
1307,24,11,True,844.0,1110.0,False,23,male,9,3,4,
1308,24,12,True,789.0,486.0,False,23,male,16,14,3,
1309,24,13,False,1034.0,843.0,True,23,male,4,3,3,0.12236929339871193
1310,24,14,True,1000.0,457.0,False,23,male,8,2,2,
1311,24,15,True,1085.0,567.0,True,23,male,5,3,3,0.10150235234215885
1312,24,16,False,592.0,621.0,True,23,male,4,2,4,0.05243384000651042
1313,24,17,True,1688.0,692.0,False,23,male,12,11,7,
1314,24,18,True,1212.0,509.0,False,23,male,7,4,2,
1315,24,19,True,1163.0,890.0,False,23,male,8,4,8,
1316,24,20,True,1962.0,2601.0,True,23,male,19,4,13,0.06712355335771276
1317,24,21,True,687.0,527.0,True,23,male,4,2,4,0.17563542583626757
1318,24,22,True,920.0,415.0,True,23,male,5,2,7,0.11650467050209203
1319,24,23,True,456.0,379.0,True,23,male,3,2,4,0.30480195866666654
1320,24,24,True,3822.0,3391.0,False,23,male,7,4,21,
1321,24,25,True,1053.0,832.0,True,23,male,7,4,9,0.06720385783450704
1322,24,26,True,1055.0,540.0,True,23,male,11,7,6,0.16774556041422714
1323,24,27,True,705.0,518.0,True,23,male,8,5,5,0.044512580729166674
1324,24,28,True,905.0,569.0,False,23,male,7,3,7,
1325,24,29,True,1949.0,1406.0,True,23,male,13,11,13,0.08386176215277776
1326,24,30,True,4213.0,2660.0,False,23,male,19,18,15,
1327,24,31,True,1124.0,1086.0,False,23,male,8,7,8,
1328,24,32,True,843.0,584.0,True,23,male,4,2,7,0.11873057682291664
1329,24,33,True,1430.0,458.0,False,23,male,4,2,5,
1330,24,34,True,835.0,1177.0,False,23,male,4,2,11,
1331,24,35,True,1533.0,493.0,True,23,male,7,2,4,0.05901558533333333
1332,24,36,True,1319.0,1005.0,True,23,male,10,9,10,0.024807356567382803
1333,24,37,True,2966.0,440.0,False,23,male,5,2,8,
1334,24,38,True,677.0,483.0,True,23,male,5,2,4,0.19203041941754695
1335,24,39,False,1154.0,492.0,True,23,male,6,3,4,0.06790933494373781
1336,24,40,True,1323.0,444.0,False,23,male,8,7,2,
1337,24,41,True,5021.0,489.0,False,23,male,18,13,5,
1338,24,42,True,1439.0,697.0,True,23,male,5,3,8,0.13581856204156473
1339,24,43,True,908.0,496.0,True,23,male,16,8,9,0.12506303613281247
1340,24,44,True,1610.0,509.0,True,23,male,5,4,7,0.23060029333333337
1341,24,45,True,968.0,1080.0,True,23,male,9,4,4,0.07582185638142522
1342,24,46,True,627.0,480.0,True,23,male,7,3,4,0.08358820003531073
1343,24,47,True,1146.0,532.0,False,23,male,2,2,7,
1344,24,48,True,1791.0,1427.0,False,23,male,3,2,12,
1345,24,49,True,1192.0,599.0,False,23,male,4,2,5,
1346,24,50,True,975.0,2937.0,False,23,male,5,2,12,
1347,24,51,True,2285.0,1320.0,False,23,male,17,6,12,
1348,24,52,True,1571.0,535.0,False,23,male,6,2,2,
1349,24,53,True,1004.0,422.0,True,23,male,3,2,4,0.1788240727968096
1350,24,54,True,817.0,1384.0,False,23,male,5,2,11,
1351,24,55,True,1672.0,758.0,True,23,male,24,8,9,0.06307643112470518
1352,24,56,True,581.0,413.0,False,23,male,6,3,2,
1353,24,57,True,2445.0,3402.0,True,23,male,7,2,11,0.051636123276115005
1354,24,58,True,725.0,532.0,False,23,male,3,3,8,
1355,24,59,True,1169.0,868.0,True,23,male,6,3,8,0.03906984252354788
1356,24,60,True,1658.0,938.0,False,23,male,4,4,12,
1357,24,61,True,664.0,664.0,False,23,male,5,4,10,
1358,24,62,True,1270.0,486.0,True,23,male,9,4,8,0.2083508837890625
1359,24,63,True,7136.0,1830.0,False,23,male,11,2,15,
1360,24,64,True,982.0,625.0,False,23,male,20,9,6,
1361,24,65,True,1234.0,529.0,False,23,male,4,2,11,
1362,24,66,True,634.0,455.0,True,23,male,5,3,5,0.24814582480000003
1363,24,67,True,758.0,877.0,True,23,male,12,8,8,0.17004618522135412
1364,24,68,True,584.0,402.0,False,23,male,10,3,7,
1365,24,69,True,1616.0,1207.0,False,23,male,11,10,12,
1366,24,70,True,1580.0,1686.0,False,23,male,12,2,14,
1367,24,71,True,683.0,497.0,False,23,male,7,4,8,
1368,24,72,True,572.0,3238.0,False,23,male,3,2,20,
1369,24,73,True,2732.0,507.0,True,23,male,6,3,2,0.04552086101541994
1370,24,74,True,3515.0,2377.0,True,23,male,9,7,10,0.042352121267564394
1371,24,75,True,1795.0,555.0,False,23,male,5,5,7,
1372,24,76,True,872.0,1266.0,True,23,male,7,3,5,0.14747116746115818
1373,24,77,True,930.0,470.0,True,23,male,3,2,8,0.07533957112630209
1374,24,78,True,675.0,453.0,False,23,male,10,8,7,
1375,24,79,True,1761.0,1236.0,False,23,male,10,5,12,
1376,24,80,True,640.0,497.0,True,23,male,4,2,2,0.22994266009221312
1377,24,81,False,3143.0,473.0,False,23,male,12,11,8,
1378,24,82,True,617.0,390.0,True,23,male,5,2,4,0.05136393662177986
1379,24,83,True,1031.0,891.0,False,23,male,15,12,10,
1380,24,84,True,961.0,542.0,True,23,male,5,2,5,0.07433707447562357
1381,24,85,True,1018.0,1384.0,True,23,male,7,2,10,0.10330699055989583
1382,24,86,True,1795.0,924.0,False,23,male,13,6,9,
1383,24,87,True,826.0,5327.0,True,23,male,13,11,12,0.18816536738875886
1384,24,88,True,121.0,591.0,False,23,male,12,4,5,
1385,24,89,True,925.0,522.0,True,23,male,15,13,5,0.08290406726726725
1386,24,90,True,1034.0,1643.0,False,23,male,2,1,9,
1387,24,91,True,586.0,501.0,True,23,male,7,3,8,0.24057339249121773
1388,24,92,True,1465.0,391.0,False,23,male,8,7,2,
1389,24,93,False,3412.0,426.0,False,23,male,16,10,6,
1390,24,94,True,1329.0,426.0,False,23,male,15,11,3,
1391,24,95,True,1604.0,2290.0,True,23,male,16,5,14,0.04280135349264706
1392,24,96,False,1817.0,844.0,True,23,male,13,4,8,0.0455782176724138
1393,24,97,True,608.0,675.0,False,23,male,9,8,5,
1394,24,98,True,1096.0,744.0,False,23,male,9,3,7,
1395,24,99,True,1596.0,431.0,True,23,male,7,4,4,0.09411799454771663
1396,25,0,True,1218.0,4093.0,True,22,male,6,2,6,0.07933554077148436
1397,25,1,True,1622.0,1687.0,True,22,male,4,2,4,0.16137969481850117
1398,25,2,True,1705.0,2660.0,True,22,male,7,6,3,0.05680589225260416
1399,25,3,True,1455.0,935.0,True,22,male,7,5,6,0.05593743021051255
1400,25,4,True,1063.0,869.0,True,22,male,10,5,3,0.09158368141138498
1401,25,5,True,1034.0,755.0,True,22,male,3,2,4,0.05937824465224667
1402,25,6,False,4522.0,698.0,True,22,male,33,9,9,0.0558711852737467
1403,25,7,True,8104.0,2366.0,False,22,male,13,12,10,
1404,25,8,True,3843.0,1371.0,False,22,male,3,2,3,
1405,25,9,True,2465.0,1450.0,False,22,male,6,3,8,
1406,25,10,True,2091.0,1836.0,True,22,male,23,12,8,0.047453544319705096
1407,25,11,True,4336.0,932.0,False,22,male,9,3,4,
1408,25,12,True,1691.0,916.0,False,22,male,16,14,3,
1409,25,13,True,1420.0,865.0,True,22,male,4,3,3,0.12236929339871193
1410,25,14,True,1426.0,1082.0,False,22,male,8,2,2,
1411,25,15,True,1511.0,2096.0,True,22,male,5,3,3,0.10150235234215885
1412,25,16,True,2124.0,3670.0,True,22,male,4,2,4,0.05243384000651042
1413,25,17,True,2246.0,1944.0,False,22,male,12,11,7,
1414,25,18,True,1815.0,1981.0,False,22,male,7,4,2,
1415,25,19,True,1465.0,2003.0,False,22,male,8,4,8,
1416,25,21,True,1058.0,1091.0,True,22,male,4,2,4,0.17563542583626757
1417,25,22,True,1300.0,538.0,True,22,male,5,2,7,0.11650467050209203
1418,25,23,True,1088.0,2286.0,True,22,male,3,2,4,0.30480195866666654
1419,25,25,True,5885.0,1668.0,True,22,male,7,4,9,0.06720385783450704
1420,25,26,True,1432.0,1660.0,True,22,male,11,7,6,0.16774556041422714
1421,25,27,True,1345.0,853.0,True,22,male,8,5,5,0.044512580729166674
1422,25,28,True,1348.0,643.0,False,22,male,7,3,7,
1423,25,29,True,1229.0,1983.0,True,22,male,13,11,13,0.08386176215277776
1424,25,30,True,6562.0,4521.0,False,22,male,19,18,15,
1425,25,31,True,1726.0,1299.0,False,22,male,8,7,8,
1426,25,32,True,1642.0,874.0,True,22,male,4,2,7,0.11873057682291664
1427,25,33,True,1087.0,825.0,False,22,male,4,2,5,
1428,25,34,True,1523.0,2692.0,False,22,male,4,2,11,
1429,25,35,True,2315.0,595.0,True,22,male,7,2,4,0.05901558533333333
1430,25,36,False,3135.0,1614.0,True,22,male,10,9,10,0.024807356567382803
1431,25,37,False,5319.0,1074.0,False,22,male,5,2,8,
1432,25,38,True,1609.0,921.0,True,22,male,5,2,4,0.19203041941754695
1433,25,39,False,1479.0,934.0,True,22,male,6,3,4,0.06790933494373781
1434,25,40,True,1994.0,2073.0,False,22,male,8,7,2,
1435,25,41,False,9034.0,2104.0,False,22,male,18,13,5,
1436,25,42,True,1414.0,1523.0,True,22,male,5,3,8,0.13581856204156473
1437,25,43,True,1574.0,1308.0,True,22,male,16,8,9,0.12506303613281247
1438,25,44,True,1482.0,737.0,True,22,male,5,4,7,0.23060029333333337
1439,25,45,True,968.0,765.0,True,22,male,9,4,4,0.07582185638142522
1440,25,46,True,841.0,610.0,True,22,male,7,3,4,0.08358820003531073
1441,25,47,True,2693.0,1600.0,False,22,male,2,2,7,
1442,25,48,False,2124.0,1625.0,False,22,male,3,2,12,
1443,25,49,True,2774.0,827.0,False,22,male,4,2,5,
1444,25,50,True,1124.0,2212.0,False,22,male,5,2,12,
1445,25,51,True,1132.0,1807.0,False,22,male,17,6,12,
1446,25,52,True,2922.0,675.0,False,22,male,6,2,2,
1447,25,53,True,1088.0,1293.0,True,22,male,3,2,4,0.1788240727968096
1448,25,54,True,997.0,2011.0,False,22,male,5,2,11,
1449,25,55,True,1212.0,2275.0,True,22,male,24,8,9,0.06307643112470518
1450,25,56,True,773.0,645.0,False,22,male,6,3,2,
1451,25,57,True,2491.0,1255.0,True,22,male,7,2,11,0.051636123276115005
1452,25,58,True,1449.0,1049.0,False,22,male,3,3,8,
1453,25,59,True,1389.0,1103.0,True,22,male,6,3,8,0.03906984252354788
1454,25,60,True,2533.0,1809.0,False,22,male,4,4,12,
1455,25,61,True,2585.0,1303.0,False,22,male,5,4,10,
1456,25,62,True,1705.0,1207.0,True,22,male,9,4,8,0.2083508837890625
1457,25,63,False,5541.0,1744.0,False,22,male,11,2,15,
1458,25,64,True,1418.0,884.0,False,22,male,20,9,6,
1459,25,65,True,1441.0,1298.0,False,22,male,4,2,11,
1460,25,66,True,967.0,558.0,True,22,male,5,3,5,0.24814582480000003
1461,25,67,True,1111.0,544.0,True,22,male,12,8,8,0.17004618522135412
1462,25,68,True,1097.0,660.0,False,22,male,10,3,7,
1463,25,69,True,1657.0,2725.0,False,22,male,11,10,12,
1464,25,70,True,1441.0,1829.0,False,22,male,12,2,14,
1465,25,71,True,1859.0,783.0,False,22,male,7,4,8,
1466,25,72,True,845.0,3731.0,False,22,male,3,2,20,
1467,25,73,True,6419.0,946.0,True,22,male,6,3,2,0.04552086101541994
1468,25,74,True,3226.0,3272.0,True,22,male,9,7,10,0.042352121267564394
1469,25,75,False,8119.0,693.0,False,22,male,5,5,7,
1470,25,76,True,1389.0,1490.0,True,22,male,7,3,5,0.14747116746115818
1471,25,77,True,1166.0,768.0,True,22,male,3,2,8,0.07533957112630209
1472,25,78,True,2333.0,625.0,False,22,male,10,8,7,
1473,25,79,True,1777.0,1960.0,False,22,male,10,5,12,
1474,25,80,True,823.0,836.0,True,22,male,4,2,2,0.22994266009221312
1475,25,81,False,4692.0,819.0,False,22,male,12,11,8,
1476,25,82,True,904.0,638.0,True,22,male,5,2,4,0.05136393662177986
1477,25,83,True,1106.0,1928.0,False,22,male,15,12,10,
1478,25,84,True,844.0,821.0,True,22,male,5,2,5,0.07433707447562357
1479,25,85,True,1396.0,1595.0,True,22,male,7,2,10,0.10330699055989583
1480,25,86,True,2419.0,2203.0,False,22,male,13,6,9,
1481,25,87,True,1948.0,1642.0,True,22,male,13,11,12,0.18816536738875886
1482,25,88,True,2287.0,636.0,False,22,male,12,4,5,
1483,25,89,True,1211.0,2280.0,True,22,male,15,13,5,0.08290406726726725
1484,25,90,True,1485.0,2933.0,False,22,male,2,1,9,
1485,25,91,True,886.0,989.0,True,22,male,7,3,8,0.24057339249121773
1486,25,92,True,1481.0,530.0,False,22,male,8,7,2,
1487,25,93,False,3539.0,894.0,False,22,male,16,10,6,
1488,25,94,True,1611.0,693.0,False,22,male,15,11,3,
1489,25,95,True,1600.0,1737.0,True,22,male,16,5,14,0.04280135349264706
1490,25,96,True,2262.0,920.0,True,22,male,13,4,8,0.0455782176724138
1491,25,97,True,1249.0,614.0,False,22,male,9,8,5,
1492,25,98,True,1184.0,932.0,False,22,male,9,3,7,
1493,25,99,True,1787.0,900.0,True,22,male,7,4,4,0.09411799454771663
1494,26,0,True,1502.0,2232.0,True,25,male,6,2,6,0.07933554077148436
1495,26,1,True,749.0,2161.0,True,25,male,4,2,4,0.16137969481850117
1496,26,2,True,1471.0,2188.0,True,25,male,7,6,3,0.05680589225260416
1497,26,3,True,1215.0,1029.0,True,25,male,7,5,6,0.05593743021051255
1498,26,4,True,1221.0,1636.0,True,25,male,10,5,3,0.09158368141138498
1499,26,5,True,976.0,1145.0,True,25,male,3,2,4,0.05937824465224667
1500,26,6,True,4135.0,3660.0,True,25,male,33,9,9,0.0558711852737467
1501,26,7,True,2863.0,1472.0,False,25,male,13,12,10,
1502,26,8,True,3591.0,470.0,False,25,male,3,2,3,
1503,26,9,True,2718.0,1953.0,False,25,male,6,3,8,
1504,26,10,True,2245.0,1381.0,True,25,male,23,12,8,0.047453544319705096
1505,26,11,True,2116.0,602.0,False,25,male,9,3,4,
1506,26,12,True,2132.0,1308.0,False,25,male,16,14,3,
1507,26,13,False,1274.0,1349.0,True,25,male,4,3,3,0.12236929339871193
1508,26,14,True,2273.0,573.0,False,25,male,8,2,2,
1509,26,15,True,1938.0,1225.0,True,25,male,5,3,3,0.10150235234215885
1510,26,16,True,927.0,1059.0,True,25,male,4,2,4,0.05243384000651042
1511,26,17,True,1417.0,960.0,False,25,male,12,11,7,
1512,26,18,True,1261.0,720.0,False,25,male,7,4,2,
1513,26,19,True,1368.0,1649.0,False,25,male,8,4,8,
1514,26,20,True,2591.0,2924.0,True,25,male,19,4,13,0.06712355335771276
1515,26,21,True,903.0,844.0,True,25,male,4,2,4,0.17563542583626757
1516,26,22,True,1050.0,737.0,True,25,male,5,2,7,0.11650467050209203
1517,26,23,True,830.0,747.0,True,25,male,3,2,4,0.30480195866666654
1518,26,25,True,935.0,1763.0,True,25,male,7,4,9,0.06720385783450704
1519,26,26,True,1125.0,102.0,True,25,male,11,7,6,0.16774556041422714
1520,26,27,True,1189.0,902.0,True,25,male,8,5,5,0.044512580729166674
1521,26,28,True,1516.0,709.0,False,25,male,7,3,7,
1522,26,29,True,2386.0,2448.0,True,25,male,13,11,13,0.08386176215277776
1523,26,30,True,3329.0,2408.0,False,25,male,19,18,15,
1524,26,31,True,2080.0,2336.0,False,25,male,8,7,8,
1525,26,32,True,1558.0,1604.0,True,25,male,4,2,7,0.11873057682291664
1526,26,33,True,975.0,551.0,False,25,male,4,2,5,
1527,26,34,True,1874.0,2244.0,False,25,male,4,2,11,
1528,26,35,True,1310.0,790.0,True,25,male,7,2,4,0.05901558533333333
1529,26,36,True,2629.0,1531.0,True,25,male,10,9,10,0.024807356567382803
1530,26,37,True,1725.0,377.0,False,25,male,5,2,8,
1531,26,38,True,2091.0,782.0,True,25,male,5,2,4,0.19203041941754695
1532,26,39,False,1025.0,484.0,True,25,male,6,3,4,0.06790933494373781
1533,26,40,True,1351.0,1932.0,False,25,male,8,7,2,
1534,26,41,True,3277.0,671.0,False,25,male,18,13,5,
1535,26,42,True,2804.0,690.0,True,25,male,5,3,8,0.13581856204156473
1536,26,43,True,1617.0,1399.0,True,25,male,16,8,9,0.12506303613281247
1537,26,44,True,1439.0,631.0,True,25,male,5,4,7,0.23060029333333337
1538,26,45,True,1169.0,1175.0,True,25,male,9,4,4,0.07582185638142522
1539,26,46,True,1200.0,787.0,True,25,male,7,3,4,0.08358820003531073
1540,26,47,True,1977.0,876.0,False,25,male,2,2,7,
1541,26,48,False,2802.0,1369.0,False,25,male,3,2,12,
1542,26,49,True,2465.0,700.0,False,25,male,4,2,5,
1543,26,50,True,1760.0,1491.0,False,25,male,5,2,12,
1544,26,51,True,1387.0,2653.0,False,25,male,17,6,12,
1545,26,52,True,2040.0,962.0,False,25,male,6,2,2,
1546,26,53,True,1850.0,856.0,True,25,male,3,2,4,0.1788240727968096
1547,26,54,True,1825.0,2149.0,False,25,male,5,2,11,
1548,26,55,True,1759.0,1219.0,True,25,male,24,8,9,0.06307643112470518
1549,26,56,True,2214.0,969.0,False,25,male,6,3,2,
1550,26,57,False,1782.0,5380.0,True,25,male,7,2,11,0.051636123276115005
1551,26,58,True,1662.0,1078.0,False,25,male,3,3,8,
1552,26,59,True,1867.0,1044.0,True,25,male,6,3,8,0.03906984252354788
1553,26,60,True,1482.0,1109.0,False,25,male,4,4,12,
1554,26,61,True,1238.0,2053.0,False,25,male,5,4,10,
1555,26,62,True,1598.0,874.0,True,25,male,9,4,8,0.2083508837890625
1556,26,63,True,2481.0,1868.0,False,25,male,11,2,15,
1557,26,64,True,1148.0,8127.0,False,25,male,20,9,6,
1558,26,65,True,975.0,579.0,False,25,male,4,2,11,
1559,26,66,True,2246.0,607.0,True,25,male,5,3,5,0.24814582480000003
1560,26,67,True,1390.0,912.0,True,25,male,12,8,8,0.17004618522135412
1561,26,68,True,1393.0,4057.0,False,25,male,10,3,7,
1562,26,69,True,2195.0,2176.0,False,25,male,11,10,12,
1563,26,70,False,1956.0,2452.0,False,25,male,12,2,14,
1564,26,71,False,2628.0,711.0,False,25,male,7,4,8,
1565,26,72,False,1353.0,1586.0,False,25,male,3,2,20,
1566,26,73,True,2906.0,732.0,True,25,male,6,3,2,0.04552086101541994
1567,26,74,False,2229.0,9199.0,True,25,male,9,7,10,0.042352121267564394
1568,26,76,True,1678.0,1481.0,True,25,male,7,3,5,0.14747116746115818
1569,26,77,True,1166.0,3439.0,True,25,male,3,2,8,0.07533957112630209
1570,26,78,True,2376.0,1131.0,False,25,male,10,8,7,
1571,26,79,True,2236.0,1563.0,False,25,male,10,5,12,
1572,26,80,True,897.0,2021.0,True,25,male,4,2,2,0.22994266009221312
1573,26,81,True,8283.0,4905.0,False,25,male,12,11,8,
1574,26,82,False,1019.0,2319.0,True,25,male,5,2,4,0.05136393662177986
1575,26,84,True,1406.0,788.0,True,25,male,5,2,5,0.07433707447562357
1576,26,85,False,2200.0,429.0,True,25,male,7,2,10,0.10330699055989583
1577,26,86,True,2077.0,4080.0,False,25,male,13,6,9,
1578,26,88,True,1845.0,1053.0,False,25,male,12,4,5,
1579,26,90,True,1750.0,1366.0,False,25,male,2,1,9,
1580,26,91,True,875.0,729.0,True,25,male,7,3,8,0.24057339249121773
1581,26,92,True,1599.0,814.0,False,25,male,8,7,2,
1582,26,93,False,1972.0,1336.0,False,25,male,16,10,6,
1583,26,94,True,2087.0,2391.0,False,25,male,15,11,3,
1584,26,97,True,1279.0,639.0,False,25,male,9,8,5,
